symbol,strategy,window_start,count,wins,losses,wr,avg_pnl,total_pnl,sharpe,max_dd
BTCUSDT,TREND_FOLLOW,2021-03-01,21,6,15,0.2857142857142857,-0.004505395064766991,-0.0946132963601068,-0.1671668860327837,0.17119541290646229
BTCUSDT,MEAN_REVERT,2021-03-01,11,4,7,0.36363636363636365,-0.0011677799473149763,-0.012845579420464739,-0.03994383995998038,0.08490179260559946
BTCUSDT,BOTTOM_PICK,2021-03-01,0,0,0,0,0,0,0,0
BTCUSDT,BREAKOUT_HUNT,2021-03-01,10,7,3,0.7,0.018461549377664952,0.18461549377664951,0.7437960372360993,0.05781669824108779
BTCUSDT,CONSERVATIVE,2021-03-01,0,0,0,0,0,0,0,0
BTCUSDT,TREND_FOLLOW,2021-03-31,17,8,9,0.47058823529411764,0.004091241533156634,0.06955110606366278,0.1362775322072555,0.052290856990936566
BTCUSDT,MEAN_REVERT,2021-03-31,12,4,8,0.3333333333333333,-0.003348440549421706,-0.04018128659306047,-0.12131219868851924,0.10386126200935937
BTCUSDT,BOTTOM_PICK,2021-03-31,2,0,2,0.0,-0.023718835424391745,-0.04743767084878349,-3.2568147909474643,0.04743767084878349
BTCUSDT,BREAKOUT_HUNT,2021-03-31,5,1,4,0.2,-0.005389452937116762,-0.02694726468558381,-0.2689877171472501,0.059073590815249884
BTCUSDT,CONSERVATIVE,2021-03-31,0,0,0,0,0,0,0,0
BTCUSDT,TREND_FOLLOW,2021-04-30,25,10,15,0.4,0.004706493144603971,0.11766232861509927,0.1539086155065736,0.10071717955329902
BTCUSDT,MEAN_REVERT,2021-04-30,4,4,0,1.0,0.037582345122441234,0.15032938048976494,9.2179087388461,0
BTCUSDT,BOTTOM_PICK,2021-04-30,0,0,0,0,0,0,0,0
BTCUSDT,BREAKOUT_HUNT,2021-04-30,15,3,12,0.2,-0.007023036834960441,-0.10534555252440661,-0.2918943508483045,0.128463329317185
BTCUSDT,CONSERVATIVE,2021-04-30,0,0,0,0,0,0,0,0
BTCUSDT,TREND_FOLLOW,2021-05-30,19,8,11,0.42105263157894735,0.007533033653061935,0.14312763940817677,0.22496437465732236,0.137473184012663
BTCUSDT,MEAN_REVERT,2021-05-30,6,3,3,0.5,0.0060022207548976044,0.036013324529385625,0.20156598588372615,0.07067838485613366
BTCUSDT,BOTTOM_PICK,2021-05-30,2,0,2,0.0,-0.022478389762870612,-0.044956779525741224,-3.7178247967838796,0.044956779525741224
BTCUSDT,BREAKOUT_HUNT,2021-05-30,15,7,8,0.4666666666666667,0.00395891785591994,0.059383767838799104,0.11766777885456893,0.04494427615521506
BTCUSDT,CONSERVATIVE,2021-05-30,0,0,0,0,0,0,0,0
BTCUSDT,TREND_FOLLOW,2021-06-29,14,8,6,0.5714285714285714,0.0075336624950362195,0.10547127493050708,0.2766836034373294,0.06435578426666257
BTCUSDT,MEAN_REVERT,2021-06-29,9,3,6,0.3333333333333333,-0.00429834607557359,-0.03868511468016231,-0.1889514417657792,0.05421708967484731
BTCUSDT,BOTTOM_PICK,2021-06-29,0,0,0,0,0,0,0,0
BTCUSDT,BREAKOUT_HUNT,2021-06-29,8,4,4,0.5,0.0015789066024949404,0.012631252819959523,0.07028924713313305,0.06312268905772483
BTCUSDT,CONSERVATIVE,2021-06-29,0,0,0,0,0,0,0,0
BTCUSDT,TREND_FOLLOW,2021-07-29,19,6,13,0.3157894736842105,-0.005158965757147312,-0.09802034938579893,-0.1962741219178262,0.131711947277272
BTCUSDT,MEAN_REVERT,2021-07-29,12,3,9,0.25,-0.003361375695750591,-0.040336508349007094,-0.1466424344510466,0.11481193139463695
BTCUSDT,BOTTOM_PICK,2021-07-29,1,0,1,0.0,-0.017629866155857925,-0.017629866155857925,0,0.017629866155857925
BTCUSDT,BREAKOUT_HUNT,2021-07-29,13,5,8,0.38461538461538464,0.0012368898182473997,0.016079567637216196,0.04386255417406731,0.058402508382577364
BTCUSDT,CONSERVATIVE,2021-07-29,0,0,0,0,0,0,0,0
BTCUSDT,TREND_FOLLOW,2021-08-29,18,7,11,0.3888888888888889,-0.0019336079700437653,-0.034804943460787774,-0.07279850119288477,0.11040100954278145
BTCUSDT,MEAN_REVERT,2021-08-29,12,5,7,0.4166666666666667,0.008795179335027962,0.10554215202033554,0.3071912892314276,0.05912080071510423
BTCUSDT,BOTTOM_PICK,2021-08-29,3,2,1,0.6666666666666666,0.019114731140636082,0.057344193421908246,0.7720549222215258,0.015762549305312252
BTCUSDT,BREAKOUT_HUNT,2021-08-29,8,4,4,0.5,0.014739657014506479,0.11791725611605183,0.4228238020396379,0.04146799733764159
BTCUSDT,CONSERVATIVE,2021-08-29,0,0,0,0,0,0,0,0
BTCUSDT,TREND_FOLLOW,2021-09-28,16,9,7,0.5625,0.008153703693925221,0.13045925910280354,0.2809394224177295,0.0481280461144868
BTCUSDT,MEAN_REVERT,2021-09-28,15,3,12,0.2,-0.009354965337507811,-0.14032448006261716,-0.4031856514938205,0.19010757352035432
BTCUSDT,BOTTOM_PICK,2021-09-28,0,0,0,0,0,0,0,0
BTCUSDT,BREAKOUT_HUNT,2021-09-28,7,5,2,0.7142857142857143,0.014556136139169439,0.10189295297418607,0.6582749432817265,0.0343043819361456
BTCUSDT,CONSERVATIVE,2021-09-28,0,0,0,0,0,0,0,0
BTCUSDT,TREND_FOLLOW,2021-10-28,23,7,16,0.30434782608695654,-0.0038488132488498548,-0.08852270472354666,-0.14144784768611426,0.11285128547236618
BTCUSDT,MEAN_REVERT,2021-10-28,13,6,7,0.46153846153846156,0.002419374459063307,0.03145186796782299,0.10365437968860253,0.04299822274258897
BTCUSDT,BOTTOM_PICK,2021-10-28,0,0,0,0,0,0,0,0
BTCUSDT,BREAKOUT_HUNT,2021-10-28,4,3,1,0.75,0.02386630906717823,0.09546523626871292,1.055214672911066,0.015208580442740136
BTCUSDT,CONSERVATIVE,2021-10-28,0,0,0,0,0,0,0,0
BTCUSDT,TREND_FOLLOW,2021-11-27,18,4,14,0.2222222222222222,-0.009473103950888713,-0.17051587111599684,-0.40393656167629655,0.19095011019420904
BTCUSDT,MEAN_REVERT,2021-11-27,13,9,4,0.6923076923076923,0.017938569951890356,0.23320140937457462,0.6860076169385049,0.053359072056273486
BTCUSDT,BOTTOM_PICK,2021-11-27,2,2,0,1.0,0.030890578397413083,0.06178115679482617,59.32778254005233,0
BTCUSDT,BREAKOUT_HUNT,2021-11-27,8,3,5,0.375,-0.0026032306221523095,-0.020825844977218476,-0.09408324428412357,0.07061474521016188
BTCUSDT,CONSERVATIVE,2021-11-27,0,0,0,0,0,0,0,0
BTCUSDT,TREND_FOLLOW,2021-12-27,19,4,15,0.21052631578947367,-0.008607163375235274,-0.1635361041294702,-0.38965067868630976,0.1635361041294702
BTCUSDT,MEAN_REVERT,2021-12-27,12,8,4,0.6666666666666666,0.012373221419026172,0.14847865702831406,0.4441683961576557,0.04627968782225461
BTCUSDT,BOTTOM_PICK,2021-12-27,0,0,0,0,0,0,0,0
BTCUSDT,BREAKOUT_HUNT,2021-12-27,9,5,4,0.5555555555555556,0.009834998811384828,0.08851498930246346,0.3600340008864863,0.027723549320645545
BTCUSDT,CONSERVATIVE,2021-12-27,0,0,0,0,0,0,0,0
BTCUSDT,TREND_FOLLOW,2022-01-26,16,7,9,0.4375,0.0002628875170968312,0.004206200273549299,0.009778354086856214,0.08678019633904296
BTCUSDT,MEAN_REVERT,2022-01-26,10,3,7,0.3,-0.00742575930453296,-0.0742575930453296,-0.33234668285375557,0.12316788936385809
BTCUSDT,BOTTOM_PICK,2022-01-26,3,1,2,0.3333333333333333,-0.0026464139927135557,-0.007939241978140667,-0.0956147392139761,0.04366818172442718
BTCUSDT,BREAKOUT_HUNT,2022-01-26,10,4,6,0.4,0.0007438271555360511,0.007438271555360511,0.03137800143308629,0.06287018634433882
BTCUSDT,CONSERVATIVE,2022-01-26,0,0,0,0,0,0,0,0
BTCUSDT,TREND_FOLLOW,2022-02-25,17,8,9,0.47058823529411764,0.008372068766754294,0.14232516903482298,0.2838228366673145,0.054933282745893014
BTCUSDT,MEAN_REVERT,2022-02-25,9,7,2,0.7777777777777778,0.019275098772599766,0.1734758889533979,0.7732985046225596,0.02301793098131316
BTCUSDT,BOTTOM_PICK,2022-02-25,1,0,1,0.0,-0.0322276716980188,-0.0322276716980188,0,0.0322276716980188
BTCUSDT,BREAKOUT_HUNT,2022-02-25,7,4,3,0.5714285714285714,0.008951051138950379,0.06265735797265265,0.28476953385899606,0.05899668948426151
BTCUSDT,CONSERVATIVE,2022-02-25,0,0,0,0,0,0,0,0
BTCUSDT,TREND_FOLLOW,2022-03-27,19,6,13,0.3157894736842105,-0.0009637339029218052,-0.0183109441555143,-0.04095327205337537,0.08365507622390168
BTCUSDT,MEAN_REVERT,2022-03-27,13,3,10,0.23076923076923078,-0.011506096843836576,-0.14957925896987548,-0.6202174986236602,0.15228138275669859
BTCUSDT,BOTTOM_PICK,2022-03-27,2,1,1,0.5,0.009302229302773744,0.018604458605547488,0.332626226427735,0.018663783487846388
BTCUSDT,BREAKOUT_HUNT,2022-03-27,5,3,2,0.6,0.014292743774168743,0.07146371887084371,0.5791917209100432,0.031819184979212
BTCUSDT,CONSERVATIVE,2022-03-27,0,0,0,0,0,0,0,0
BTCUSDT,TREND_FOLLOW,2022-04-26,20,4,16,0.2,-0.007690022063536202,-0.15380044127072404,-0.28673298947195736,0.17861802026726004
BTCUSDT,MEAN_REVERT,2022-04-26,9,3,6,0.3333333333333333,-0.0021134150658851172,-0.019020735592966055,-0.0764716818926794,0.08248043880748968
BTCUSDT,BOTTOM_PICK,2022-04-26,4,0,4,0.0,-0.017642034439488696,-0.07056813775795479,-11.829018756674166,0.07056813775795479
BTCUSDT,BREAKOUT_HUNT,2022-04-26,12,5,7,0.4166666666666667,-0.005660932269834107,-0.06793118723800928,-0.1805644478427591,0.16673883386065105
BTCUSDT,CONSERVATIVE,2022-04-26,0,0,0,0,0,0,0,0
BTCUSDT,TREND_FOLLOW,2022-05-26,20,12,8,0.6,0.013366386315190293,0.26732772630380586,0.45876186487397586,0.07079432270106936
BTCUSDT,MEAN_REVERT,2022-05-26,7,3,4,0.42857142857142855,0.004670726768013667,0.032695087376095666,0.15932059773590285,0.05641321058865769
BTCUSDT,BOTTOM_PICK,2022-05-26,1,0,1,0.0,-0.018011462683322852,-0.018011462683322852,0,0.018011462683322852
BTCUSDT,BREAKOUT_HUNT,2022-05-26,11,6,5,0.5454545454545454,0.010490810961573432,0.11539892057730775,0.3196354930511487,0.07915412122506077
BTCUSDT,CONSERVATIVE,2022-05-26,0,0,0,0,0,0,0,0
BTCUSDT,TREND_FOLLOW,2022-06-25,21,10,11,0.47619047619047616,0.0075315636482579645,0.15816283661341726,0.2961258938024245,0.04948118058546552
BTCUSDT,MEAN_REVERT,2022-06-25,11,3,8,0.2727272727272727,-0.0033301554377187415,-0.036631709814906155,-0.1319127758465101,0.10896578433001827
BTCUSDT,BOTTOM_PICK,2022-06-25,0,0,0,0,0,0,0,0
BTCUSDT,BREAKOUT_HUNT,2022-06-25,6,3,3,0.5,0.0022069168136516827,0.013241500881910097,0.05624258381568924,0.08472241143120204
BTCUSDT,CONSERVATIVE,2022-06-25,0,0,0,0,0,0,0,0
BTCUSDT,TREND_FOLLOW,2022-07-25,15,5,10,0.3333333333333333,0.0004135129440663373,0.006202694160995059,0.015380446099574663,0.07648145541159238
BTCUSDT,MEAN_REVERT,2022-07-25,11,5,6,0.45454545454545453,-0.005686605872906136,-0.0625526646019675,-0.2564493856157514,0.085125068974223
BTCUSDT,BOTTOM_PICK,2022-07-25,0,0,0,0,0,0,0,0
BTCUSDT,BREAKOUT_HUNT,2022-07-25,6,2,4,0.3333333333333333,-1.7601973188099165e-05,-0.00010561183912859498,-0.0007067395702568034,0.053538662599296155
BTCUSDT,CONSERVATIVE,2022-07-25,0,0,0,0,0,0,0,0
BTCUSDT,TREND_FOLLOW,2022-08-24,17,2,15,0.11764705882352941,-0.01542234625625624,-0.2621798863563561,-0.7578945519826789,0.26217988635635614
BTCUSDT,MEAN_REVERT,2022-08-24,10,5,5,0.5,0.008209921491244502,0.08209921491244501,0.2933361893455067,0.0715320918919228
BTCUSDT,BOTTOM_PICK,2022-08-24,0,0,0,0,0,0,0,0
BTCUSDT,BREAKOUT_HUNT,2022-08-24,2,2,0,1.0,0.04443569413022097,0.08887138826044194,4.7277517485239375,0
BTCUSDT,CONSERVATIVE,2022-08-24,0,0,0,0,0,0,0,0
BTCUSDT,TREND_FOLLOW,2022-09-23,19,8,11,0.42105263157894735,-0.0028522048039470995,-0.054191891274994894,-0.1310066788036407,0.11580890887442502
BTCUSDT,MEAN_REVERT,2022-09-23,10,4,6,0.4,-0.002848767108988854,-0.028487671089888537,-0.15324570315951097,0.06670672636025506
BTCUSDT,BOTTOM_PICK,2022-09-23,1,0,1,0.0,-0.007068835707975254,-0.007068835707975254,0,0.007068835707975254
BTCUSDT,BREAKOUT_HUNT,2022-09-23,1,0,1,0.0,-0.031181976905462566,-0.031181976905462566,0,0.031181976905462566
BTCUSDT,CONSERVATIVE,2022-09-23,0,0,0,0,0,0,0,0
BTCUSDT,TREND_FOLLOW,2022-10-23,16,6,10,0.375,-0.004832080001071091,-0.07731328001713746,-0.1799399409039415,0.09306816874158694
BTCUSDT,MEAN_REVERT,2022-10-23,11,6,5,0.5454545454545454,0.0063399801684282,0.0697397818527102,0.2567921311683206,0.05355868351485207
BTCUSDT,BOTTOM_PICK,2022-10-23,0,0,0,0,0,0,0,0
BTCUSDT,BREAKOUT_HUNT,2022-10-23,6,2,4,0.3333333333333333,-0.003590018897450573,-0.02154011338470344,-0.1132427170936672,0.05707597456754218
BTCUSDT,CONSERVATIVE,2022-10-23,0,0,0,0,0,0,0,0
BTCUSDT,TREND_FOLLOW,2022-11-22,16,6,10,0.375,-0.0026162706922385624,-0.041860331075817,-0.14582767123415494,0.05671889738888402
BTCUSDT,MEAN_REVERT,2022-11-22,11,7,4,0.6363636363636364,0.007225190050714502,0.07947709055785952,0.3497576974781606,0.029332022489749095
BTCUSDT,BOTTOM_PICK,2022-11-22,3,3,0,1.0,0.02737704676687944,0.08213114030063833,1.711176087125668,0
BTCUSDT,BREAKOUT_HUNT,2022-11-22,2,1,1,0.5,-0.004068708303001122,-0.008137416606002245,-0.36929663903567017,0.015086161138817826
BTCUSDT,CONSERVATIVE,2022-11-22,0,0,0,0,0,0,0,0
BTCUSDT,TREND_FOLLOW,2022-12-22,14,7,7,0.5,0.003853951670926209,0.05395532339296693,0.19997981826830827,0.035075450568811464
BTCUSDT,MEAN_REVERT,2022-12-22,9,5,4,0.5555555555555556,0.00540107843629101,0.0486097059266191,0.2735845383311692,0.044895059680741006
BTCUSDT,BOTTOM_PICK,2022-12-22,1,1,0,1.0,0.007892331875174992,0.007892331875174992,0,0
BTCUSDT,BREAKOUT_HUNT,2022-12-22,2,1,1,0.5,0.006879992245872808,0.013759984491745616,0.280921050922012,0.017610846811193088
BTCUSDT,CONSERVATIVE,2022-12-22,0,0,0,0,0,0,0,0
BTCUSDT,TREND_FOLLOW,2023-01-21,17,5,12,0.29411764705882354,-0.005768013638487012,-0.09805623185427921,-0.264628259829581,0.13698587648543098
BTCUSDT,MEAN_REVERT,2023-01-21,9,5,4,0.5555555555555556,0.0034624612687016955,0.03116215141831526,0.14019824798820665,0.04689989647657446
BTCUSDT,BOTTOM_PICK,2023-01-21,0,0,0,0,0,0,0,0
BTCUSDT,BREAKOUT_HUNT,2023-01-21,2,1,1,0.5,0.0037190733696973767,0.007438146739394753,0.11728821408038333,0.02798976795640991
BTCUSDT,CONSERVATIVE,2023-01-21,0,0,0,0,0,0,0,0
BTCUSDT,TREND_FOLLOW,2023-02-20,17,8,9,0.47058823529411764,0.0065207834178726805,0.11085331810383557,0.24098615749941593,0.05242608971231491
BTCUSDT,MEAN_REVERT,2023-02-20,8,4,4,0.5,0.005813692099238877,0.04650953679391102,0.1974046100382434,0.03747346709051047
BTCUSDT,BOTTOM_PICK,2023-02-20,0,0,0,0,0,0,0,0
BTCUSDT,BREAKOUT_HUNT,2023-02-20,6,3,3,0.5,0.005686118665891905,0.034116711995351434,0.19648801548178613,0.04847490998961684
BTCUSDT,CONSERVATIVE,2023-02-20,0,0,0,0,0,0,0,0
BTCUSDT,TREND_FOLLOW,2023-03-22,16,4,12,0.25,-0.010812797458479774,-0.17300475933567638,-0.659116380856704,0.17300475933567638
BTCUSDT,MEAN_REVERT,2023-03-22,9,3,6,0.3333333333333333,-0.0018665127479891505,-0.016798614731902355,-0.07474503212782305,0.08075211948655067
BTCUSDT,BOTTOM_PICK,2023-03-22,2,1,1,0.5,0.0016192645635347532,0.0032385291270695064,0.09649472651152813,0.015161596132943838
BTCUSDT,BREAKOUT_HUNT,2023-03-22,4,2,2,0.5,-0.001738076697460472,-0.006952306789841888,-0.07311972240099988,0.047837521085492274
BTCUSDT,CONSERVATIVE,2023-03-22,0,0,0,0,0,0,0,0
BTCUSDT,TREND_FOLLOW,2023-04-21,16,7,9,0.4375,-3.6603019275008566e-05,-0.000585648308400137,-0.0017568965287416904,0.05657348275727026
BTCUSDT,MEAN_REVERT,2023-04-21,9,3,6,0.3333333333333333,-0.008883158937820199,-0.07994843044038179,-0.5763817098324001,0.07994843044038177
BTCUSDT,BOTTOM_PICK,2023-04-21,1,0,1,0.0,-0.0015679560448198892,-0.0015679560448198892,0,0.0015679560448198892
BTCUSDT,BREAKOUT_HUNT,2023-04-21,4,2,2,0.5,0.002361608091487472,0.009446432365949888,0.09267620234614853,0.038438775905538056
BTCUSDT,CONSERVATIVE,2023-04-21,0,0,0,0,0,0,0,0
BTCUSDT,TREND_FOLLOW,2023-05-21,17,5,12,0.29411764705882354,-0.003615344126722865,-0.06146085015428871,-0.1536055837995407,0.10035770400507313
BTCUSDT,MEAN_REVERT,2023-05-21,10,6,4,0.6,0.012870282189319262,0.12870282189319263,0.47038152118301335,0.03941225534489946
BTCUSDT,BOTTOM_PICK,2023-05-21,1,1,0,1.0,0.032764131387072924,0.032764131387072924,0,0
BTCUSDT,BREAKOUT_HUNT,2023-05-21,3,0,3,0.0,-0.020245875960982894,-0.06073762788294868,-18.857468959211438,0.06073762788294869
BTCUSDT,CONSERVATIVE,2023-05-21,0,0,0,0,0,0,0,0
BTCUSDT,TREND_FOLLOW,2023-06-20,16,7,9,0.4375,-0.0019917683033868587,-0.03186829285418974,-0.11776608112870207,0.08971451664041087
BTCUSDT,MEAN_REVERT,2023-06-20,6,3,3,0.5,0.004080707730254732,0.024484246381528393,0.2813166611469245,0.016284831734677294
BTCUSDT,BOTTOM_PICK,2023-06-20,0,0,0,0,0,0,0,0
BTCUSDT,BREAKOUT_HUNT,2023-06-20,3,2,1,0.6666666666666666,0.016038257834310257,0.048114773502930766,0.7067833676042874,0.01604979559267357
BTCUSDT,CONSERVATIVE,2023-06-20,0,0,0,0,0,0,0,0
BTCUSDT,TREND_FOLLOW,2023-07-20,16,7,9,0.4375,-0.0007002609866953155,-0.011204175787125048,-0.04751477760717219,0.06304156518638115
BTCUSDT,MEAN_REVERT,2023-07-20,11,6,5,0.5454545454545454,0.0012699561275898636,0.0139695174034885,0.08728565890854698,0.05384292756968118
BTCUSDT,BOTTOM_PICK,2023-07-20,1,0,1,0.0,-0.022631587234109487,-0.022631587234109487,0,0.022631587234109487
BTCUSDT,BREAKOUT_HUNT,2023-07-20,1,0,1,0.0,-0.02084907701402315,-0.02084907701402315,0,0.02084907701402315
BTCUSDT,CONSERVATIVE,2023-07-20,0,0,0,0,0,0,0,0
BTCUSDT,TREND_FOLLOW,2023-08-19,15,3,12,0.2,-0.0016798996922985946,-0.02519849538447892,-0.07821680434211939,0.06456910017795608
BTCUSDT,MEAN_REVERT,2023-08-19,13,6,7,0.46153846153846156,-0.005014845173671113,-0.06519298725772446,-0.32812968078179267,0.1135940192622312
BTCUSDT,BOTTOM_PICK,2023-08-19,0,0,0,0,0,0,0,0
BTCUSDT,BREAKOUT_HUNT,2023-08-19,2,1,1,0.5,-0.002419366716727166,-0.004838733433454332,-0.2662058011043233,0.011507698776699974
BTCUSDT,CONSERVATIVE,2023-08-19,0,0,0,0,0,0,0,0
BTCUSDT,TREND_FOLLOW,2023-09-18,13,9,4,0.6923076923076923,0.009661551680422237,0.12560017184548908,0.48863535929521046,0.03794099192907291
BTCUSDT,MEAN_REVERT,2023-09-18,9,4,5,0.4444444444444444,0.00178021575405894,0.01602194178653046,0.09700008852440277,0.03299504034167097
BTCUSDT,BOTTOM_PICK,2023-09-18,1,0,1,0.0,-0.022755512802781288,-0.022755512802781288,0,0.022755512802781288
BTCUSDT,BREAKOUT_HUNT,2023-09-18,1,0,1,0.0,-0.01812311497175565,-0.01812311497175565,0,0.01812311497175565
BTCUSDT,CONSERVATIVE,2023-09-18,0,0,0,0,0,0,0,0
BTCUSDT,TREND_FOLLOW,2023-10-18,18,8,10,0.4444444444444444,-8.566294698566376e-05,-0.0015419330457419477,-0.003896328898148656,0.0735138029588932
BTCUSDT,MEAN_REVERT,2023-10-18,6,1,5,0.16666666666666666,-0.021172465539027126,-0.12703479323416275,-0.9035936760972093,0.12703479323416275
BTCUSDT,BOTTOM_PICK,2023-10-18,1,1,0,1.0,0.03140563025036275,0.03140563025036275,0,0
BTCUSDT,BREAKOUT_HUNT,2023-10-18,4,2,2,0.5,0.008457701005148355,0.03383080402059342,0.24024050901926952,0.03694191180569796
BTCUSDT,CONSERVATIVE,2023-10-18,0,0,0,0,0,0,0,0
BTCUSDT,TREND_FOLLOW,2023-11-17,15,7,8,0.4666666666666667,-2.489180145298289e-05,-0.00037337702179474335,-0.001102914777629413,0.08660487905799591
BTCUSDT,MEAN_REVERT,2023-11-17,9,3,6,0.3333333333333333,-0.008259967258670793,-0.07433970532803713,-0.40345487132009134,0.11912216384818619
BTCUSDT,BOTTOM_PICK,2023-11-17,2,1,1,0.5,0.005102867754316998,0.010205735508633997,0.19170983221480253,0.021514795488950862
BTCUSDT,BREAKOUT_HUNT,2023-11-17,3,1,2,0.3333333333333333,0.0034998956345152488,0.010499686903545746,0.11838696971591393,0.01929259622488047
BTCUSDT,CONSERVATIVE,2023-11-17,0,0,0,0,0,0,0,0
BTCUSDT,TREND_FOLLOW,2023-12-17,18,6,12,0.3333333333333333,-0.0038034627876083627,-0.06846233017695053,-0.17237408075537544,0.14841264018601147
BTCUSDT,MEAN_REVERT,2023-12-17,7,1,6,0.14285714285714285,-0.015068519564462044,-0.1054796369512343,-1.4260549023547655,0.10547963695123429
BTCUSDT,BOTTOM_PICK,2023-12-17,3,1,2,0.3333333333333333,0.004412113142861254,0.01323633942858376,0.20609871248112083,0.015307615880941906
BTCUSDT,BREAKOUT_HUNT,2023-12-17,6,2,4,0.3333333333333333,-0.006822747989085171,-0.040936487934511025,-0.27655435082898405,0.07463265782534154
BTCUSDT,CONSERVATIVE,2023-12-17,0,0,0,0,0,0,0,0
BTCUSDT,TREND_FOLLOW,2024-01-16,16,6,10,0.375,0.0006121138462201126,0.009793821539521802,0.03040176275135245,0.06890372021446925
BTCUSDT,MEAN_REVERT,2024-01-16,9,5,4,0.5555555555555556,0.0017757182947201213,0.01598146465248109,0.06928896129955141,0.05190737012010582
BTCUSDT,BOTTOM_PICK,2024-01-16,1,0,1,0.0,-0.01646817344158712,-0.01646817344158712,0,0.01646817344158712
BTCUSDT,BREAKOUT_HUNT,2024-01-16,5,3,2,0.6,0.005462396294814834,0.027311981474074168,0.22903125875946828,0.043183624049919066
BTCUSDT,CONSERVATIVE,2024-01-16,0,0,0,0,0,0,0,0
BTCUSDT,TREND_FOLLOW,2024-02-15,17,6,11,0.35294117647058826,-0.0020823644841176997,-0.035400196230000895,-0.08428025794730853,0.09137724520953819
BTCUSDT,MEAN_REVERT,2024-02-15,11,5,6,0.45454545454545453,-0.00014655947707547837,-0.001612154247830262,-0.006385710536795849,0.060224109063292355
BTCUSDT,BOTTOM_PICK,2024-02-15,2,2,0,1.0,0.03038905488213056,0.06077810976426112,143.98034610705133,0
BTCUSDT,BREAKOUT_HUNT,2024-02-15,5,4,1,0.8,0.026375826357487125,0.13187913178743563,0.9110050908438428,0.030177990971647
BTCUSDT,CONSERVATIVE,2024-02-15,0,0,0,0,0,0,0,0
BTCUSDT,TREND_FOLLOW,2024-03-16,25,9,16,0.36,0.0012271098649038388,0.030677746622595967,0.047205443102781255,0.09876598095051739
BTCUSDT,MEAN_REVERT,2024-03-16,11,5,6,0.45454545454545453,0.005708233728519151,0.06279057101371066,0.19977896639875528,0.0603419372179771
BTCUSDT,BOTTOM_PICK,2024-03-16,1,0,1,0.0,-0.02418578685477351,-0.02418578685477351,0,0.02418578685477351
BTCUSDT,BREAKOUT_HUNT,2024-03-16,8,3,5,0.375,0.00363186062224685,0.0290548849779748,0.1383704672165098,0.04988763929461269
BTCUSDT,CONSERVATIVE,2024-03-16,0,0,0,0,0,0,0,0
BTCUSDT,TREND_FOLLOW,2024-04-15,16,6,10,0.375,-0.0009009317799201408,-0.014414908478722253,-0.040937674663611645,0.10943996985640471
BTCUSDT,MEAN_REVERT,2024-04-15,11,2,9,0.18181818181818182,-0.007670686943786597,-0.08437755638165256,-0.37749530096608697,0.11765036994514873
BTCUSDT,BOTTOM_PICK,2024-04-15,1,1,0,1.0,0.038268840246631415,0.038268840246631415,0,0
BTCUSDT,BREAKOUT_HUNT,2024-04-15,6,2,4,0.3333333333333333,-0.0008433939830377052,-0.005060363898226231,-0.03047922993810924,0.05596926217195946
BTCUSDT,CONSERVATIVE,2024-04-15,0,0,0,0,0,0,0,0
BTCUSDT,TREND_FOLLOW,2024-05-15,15,5,10,0.3333333333333333,-0.005457787531081472,-0.08186681296622207,-0.30654247260152223,0.09259060987915978
BTCUSDT,MEAN_REVERT,2024-05-15,9,4,5,0.4444444444444444,-0.005024886477515817,-0.04522397829764235,-0.28527905447897817,0.07614275000119403
BTCUSDT,BOTTOM_PICK,2024-05-15,2,1,1,0.5,-0.0035863835760072318,-0.0071727671520144635,-0.29820727455542523,0.015612862746758183
BTCUSDT,BREAKOUT_HUNT,2024-05-15,4,0,4,0.0,-0.015389794404226685,-0.06155917761690674,-2.4170182640335884,0.06155917761690674
BTCUSDT,CONSERVATIVE,2024-05-15,0,0,0,0,0,0,0,0
BTCUSDT,TREND_FOLLOW,2024-06-14,20,9,11,0.45,0.0030807948532587514,0.06161589706517503,0.13174904022813755,0.07149350810223323
BTCUSDT,MEAN_REVERT,2024-06-14,8,4,4,0.5,0.0050802225967865764,0.04064178077429261,0.23318419002003093,0.04164322750472055
BTCUSDT,BOTTOM_PICK,2024-06-14,1,1,0,1.0,0.010729823889601272,0.010729823889601272,0,0
BTCUSDT,BREAKOUT_HUNT,2024-06-14,5,2,3,0.4,-0.002600294587152788,-0.01300147293576394,-0.08159947091795569,0.04897084982030711
BTCUSDT,CONSERVATIVE,2024-06-14,0,0,0,0,0,0,0,0
BTCUSDT,TREND_FOLLOW,2024-07-14,17,7,10,0.4117647058823529,0.0009709855104735709,0.016506753678050705,0.03992335646907548,0.07551194445163996
BTCUSDT,MEAN_REVERT,2024-07-14,10,3,7,0.3,-0.0016582299305375758,-0.016582299305375758,-0.06474950589637174,0.10774157154784764
BTCUSDT,BOTTOM_PICK,2024-07-14,2,0,2,0.0,-0.022916360289651563,-0.04583272057930313,-3.639294844188158,0.04583272057930313
BTCUSDT,BREAKOUT_HUNT,2024-07-14,9,6,3,0.6666666666666666,0.014402761552873435,0.1296248539758609,0.5156291155406403,0.04095615684484438
BTCUSDT,CONSERVATIVE,2024-07-14,0,0,0,0,0,0,0,0
BTCUSDT,TREND_FOLLOW,2024-08-13,17,7,10,0.4117647058823529,0.0015041975810770488,0.02557135887830983,0.06044251221206951,0.11182634627958254
BTCUSDT,MEAN_REVERT,2024-08-13,3,1,2,0.3333333333333333,-0.008843877347470148,-0.026531632042410443,-0.6420164288658403,0.026531632042410443
BTCUSDT,BOTTOM_PICK,2024-08-13,1,0,1,0.0,-0.020890587827117307,-0.020890587827117307,0,0.020890587827117307
BTCUSDT,BREAKOUT_HUNT,2024-08-13,9,3,6,0.3333333333333333,-0.006460921536040997,-0.05814829382436897,-0.35816584516080635,0.0666155515249091
BTCUSDT,CONSERVATIVE,2024-08-13,0,0,0,0,0,0,0,0
BTCUSDT,TREND_FOLLOW,2024-09-12,16,8,8,0.5,0.0024316956574856295,0.03890713051977007,0.11478711641189326,0.0585022292502541
BTCUSDT,MEAN_REVERT,2024-09-12,12,5,7,0.4166666666666667,0.002639797992253527,0.03167757590704232,0.11853720835858252,0.05554334972199784
BTCUSDT,BOTTOM_PICK,2024-09-12,1,0,1,0.0,-0.015254329002646162,-0.015254329002646162,0,0.015254329002646162
BTCUSDT,BREAKOUT_HUNT,2024-09-12,2,2,0,1.0,0.037766200415691925,0.07553240083138385,7.221766242355574,0
BTCUSDT,CONSERVATIVE,2024-09-12,0,0,0,0,0,0,0,0
BTCUSDT,TREND_FOLLOW,2024-10-12,18,10,8,0.5555555555555556,0.005348098680344552,0.09626577624620195,0.2370238544699929,0.06857306027809884
BTCUSDT,MEAN_REVERT,2024-10-12,6,3,3,0.5,0.0031365382285132083,0.01881922937107925,0.17147127453579156,0.02649645781800751
BTCUSDT,BOTTOM_PICK,2024-10-12,0,0,0,0,0,0,0,0
BTCUSDT,BREAKOUT_HUNT,2024-10-12,3,3,0,1.0,0.027758050168582668,0.083274150505748,3.6639049436581455,0
BTCUSDT,CONSERVATIVE,2024-10-12,0,0,0,0,0,0,0,0
BTCUSDT,TREND_FOLLOW,2024-11-11,17,7,10,0.4117647058823529,-0.0011859920790854622,-0.020161865344452856,-0.04787556008642383,0.13806332262551588
BTCUSDT,MEAN_REVERT,2024-11-11,7,2,5,0.2857142857142857,-0.008521590011156812,-0.05965113007809769,-0.4507020833742801,0.08993492990440782
BTCUSDT,BOTTOM_PICK,2024-11-11,1,0,1,0.0,-0.015629516576833494,-0.015629516576833494,0,0.015629516576833494
BTCUSDT,BREAKOUT_HUNT,2024-11-11,7,3,4,0.42857142857142855,-0.001182590849746888,-0.008278135948228215,-0.0529587366218566,0.04233863639826638
BTCUSDT,CONSERVATIVE,2024-11-11,0,0,0,0,0,0,0,0
BTCUSDT,TREND_FOLLOW,2024-12-11,15,11,4,0.7333333333333333,0.018567825202255042,0.27851737803382565,0.7664392225013964,0.04287796924033055
BTCUSDT,MEAN_REVERT,2024-12-11,12,6,6,0.5,0.007831733939970864,0.09398080727965037,0.298574363401815,0.05775352480438006
BTCUSDT,BOTTOM_PICK,2024-12-11,1,0,1,0.0,-0.01846861046593043,-0.01846861046593043,0,0.01846861046593043
BTCUSDT,BREAKOUT_HUNT,2024-12-11,2,0,2,0.0,-0.014750181024265506,-0.02950036204853101,-1.4924827233194258,0.02950036204853101
BTCUSDT,CONSERVATIVE,2024-12-11,0,0,0,0,0,0,0,0
BTCUSDT,TREND_FOLLOW,2025-01-10,18,6,12,0.3333333333333333,-0.005064883601775034,-0.09116790483195061,-0.2303011817100927,0.1286883094315476
BTCUSDT,MEAN_REVERT,2025-01-10,9,5,4,0.5555555555555556,0.002665836539650342,0.02399252885685308,0.11947564413090253,0.07036981694855028
BTCUSDT,BOTTOM_PICK,2025-01-10,2,1,1,0.5,0.006307855255204008,0.012615710510408017,0.23111746701841354,0.020984998619407946
BTCUSDT,BREAKOUT_HUNT,2025-01-10,6,3,3,0.5,0.0039033360783765464,0.023420016470259278,0.16125679392452003,0.046327268902998014
BTCUSDT,CONSERVATIVE,2025-01-10,0,0,0,0,0,0,0,0
BTCUSDT,TREND_FOLLOW,2025-02-09,17,8,9,0.47058823529411764,0.004754696744542889,0.08082984465722912,0.15536178211342877,0.10178338555959426
BTCUSDT,MEAN_REVERT,2025-02-09,10,4,6,0.4,-0.0011475626974601927,-0.011475626974601926,-0.05028538211855388,0.05185565410900978
BTCUSDT,BOTTOM_PICK,2025-02-09,0,0,0,0,0,0,0,0
BTCUSDT,BREAKOUT_HUNT,2025-02-09,7,5,2,0.7142857142857143,0.017043732418908265,0.11930612693235784,0.6220283534447241,0.03197304967822698
BTCUSDT,CONSERVATIVE,2025-02-09,0,0,0,0,0,0,0,0
BTCUSDT,TREND_FOLLOW,2025-03-11,19,6,13,0.3157894736842105,-0.004425828534485569,-0.08409074215522581,-0.2019826633852086,0.10583679134418275
BTCUSDT,MEAN_REVERT,2025-03-11,12,8,4,0.6666666666666666,0.011174432117030406,0.13409318540436488,0.493712710902775,0.041355823562883184
BTCUSDT,BOTTOM_PICK,2025-03-11,0,0,0,0,0,0,0,0
BTCUSDT,BREAKOUT_HUNT,2025-03-11,4,2,2,0.5,0.00665845461780971,0.02663381847123884,0.20897423993291894,0.04394958170089912
BTCUSDT,CONSERVATIVE,2025-03-11,0,0,0,0,0,0,0,0
BTCUSDT,TREND_FOLLOW,2025-04-10,15,7,8,0.4666666666666667,0.001388978417896213,0.020834676268443195,0.06545337210030862,0.06086596304421779
BTCUSDT,MEAN_REVERT,2025-04-10,10,4,6,0.4,-0.002732351492867585,-0.027323514928675848,-0.1527566915946305,0.06267704820664227
BTCUSDT,BOTTOM_PICK,2025-04-10,0,0,0,0,0,0,0,0
BTCUSDT,BREAKOUT_HUNT,2025-04-10,4,2,2,0.5,0.007235096614828097,0.02894038645931239,0.2801753726003088,0.03696018656109855
BTCUSDT,CONSERVATIVE,2025-04-10,0,0,0,0,0,0,0,0
BTCUSDT,TREND_FOLLOW,2025-05-10,17,3,14,0.17647058823529413,-0.005340459565631598,-0.09078781261573717,-0.26831743763328925,0.10817137961923676
BTCUSDT,MEAN_REVERT,2025-05-10,8,4,4,0.5,-0.0010876976781781242,-0.008701581425424994,-0.0578808313090655,0.056370599156072475
BTCUSDT,BOTTOM_PICK,2025-05-10,0,0,0,0,0,0,0,0
BTCUSDT,BREAKOUT_HUNT,2025-05-10,2,1,1,0.5,-0.006205299697221434,-0.012410599394442869,-0.5688766838827287,0.017113287092431023
BTCUSDT,CONSERVATIVE,2025-05-10,0,0,0,0,0,0,0,0
BTCUSDT,TREND_FOLLOW,2025-06-09,15,5,10,0.3333333333333333,-0.00039365454276428356,-0.0059048181414642536,-0.01990514013467725,0.06238494092506625
BTCUSDT,MEAN_REVERT,2025-06-09,10,5,5,0.5,0.0009259641365034915,0.009259641365034915,0.05194076566368437,0.06279194259358628
BTCUSDT,BOTTOM_PICK,2025-06-09,1,1,0,1.0,0.010418792319821908,0.010418792319821908,0,0
BTCUSDT,BREAKOUT_HUNT,2025-06-09,4,2,2,0.5,-0.0030740437060391363,-0.012296174824156545,-0.23316336199541807,0.016814543643891837
BTCUSDT,CONSERVATIVE,2025-06-09,0,0,0,0,0,0,0,0
BTCUSDT,TREND_FOLLOW,2025-07-09,17,6,11,0.35294117647058826,-0.00029760384340635633,-0.005059265337908058,-0.013980052406407538,0.132042213443968
BTCUSDT,MEAN_REVERT,2025-07-09,10,5,5,0.5,-0.0028679434813383992,-0.028679434813383992,-0.17387305410163895,0.060288080899024904
BTCUSDT,BOTTOM_PICK,2025-07-09,1,1,0,1.0,0.024071624690285776,0.024071624690285776,0,0
BTCUSDT,BREAKOUT_HUNT,2025-07-09,2,1,1,0.5,-0.004458367385571584,-0.008916734771143167,-0.34302364544109015,0.017455627034650936
BTCUSDT,CONSERVATIVE,2025-07-09,0,0,0,0,0,0,0,0
BTCUSDT,TREND_FOLLOW,2025-08-08,17,7,10,0.4117647058823529,-0.0031383641487563434,-0.05335219052885784,-0.15321424277733756,0.08970052327758032
BTCUSDT,MEAN_REVERT,2025-08-08,10,4,6,0.4,-0.00029302380566280514,-0.002930238056628051,-0.013118824869175,0.08821891016918508
BTCUSDT,BOTTOM_PICK,2025-08-08,3,0,3,0.0,-0.013424336740438981,-0.04027301022131694,-2.8659780661224987,0.04027301022131694
BTCUSDT,BREAKOUT_HUNT,2025-08-08,1,0,1,0.0,-0.0024830249761850446,-0.0024830249761850446,0,0.0024830249761850446
BTCUSDT,CONSERVATIVE,2025-08-08,0,0,0,0,0,0,0,0
BTCUSDT,TREND_FOLLOW,2025-09-07,14,11,3,0.7857142857142857,0.013054674482564177,0.18276544275589848,0.796806117178179,0.02336791260976273
BTCUSDT,MEAN_REVERT,2025-09-07,11,3,8,0.2727272727272727,-0.008737311010635528,-0.09611042111699081,-0.7524073924716723,0.09611042111699081
BTCUSDT,BOTTOM_PICK,2025-09-07,1,0,1,0.0,-0.001809207508069331,-0.001809207508069331,0,0.001809207508069331
BTCUSDT,BREAKOUT_HUNT,2025-09-07,0,0,0,0,0,0,0,0
BTCUSDT,CONSERVATIVE,2025-09-07,0,0,0,0,0,0,0,0
BTCUSDT,TREND_FOLLOW,2025-10-07,19,9,10,0.47368421052631576,0.00612058330367424,0.11629108276981057,0.24720860180301535,0.045857392128171665
BTCUSDT,MEAN_REVERT,2025-10-07,10,6,4,0.6,0.011149857699451463,0.11149857699451463,0.44476659729894363,0.04148131600203303
BTCUSDT,BOTTOM_PICK,2025-10-07,2,1,1,0.5,-0.006439364918554092,-0.012878729837108183,-0.4571019066774397,0.020526737612665644
BTCUSDT,BREAKOUT_HUNT,2025-10-07,6,1,5,0.16666666666666666,-0.007126656952735362,-0.042759941716412175,-0.3607323277522355,0.07607856011236971
BTCUSDT,CONSERVATIVE,2025-10-07,0,0,0,0,0,0,0,0
BTCUSDT,TREND_FOLLOW,2025-11-06,19,8,11,0.42105263157894735,0.0011923677986639455,0.022654988174614966,0.048037543856570046,0.07145409766263693
BTCUSDT,MEAN_REVERT,2025-11-06,12,6,6,0.5,0.004907290403186206,0.05888748483823447,0.2094101418822615,0.06518631265386778
BTCUSDT,BOTTOM_PICK,2025-11-06,4,1,3,0.25,-0.013662561950727332,-0.05465024780290933,-1.3049624582568418,0.0587734455753442
BTCUSDT,BREAKOUT_HUNT,2025-11-06,7,4,3,0.5714285714285714,0.00743290543875056,0.05203033807125392,0.27943837045546777,0.026114827586206958
BTCUSDT,CONSERVATIVE,2025-11-06,0,0,0,0,0,0,0,0
BTCUSDT,TREND_FOLLOW,2025-12-06,16,8,8,0.5,-0.0015217080018631968,-0.024347328029811148,-0.07606949701017893,0.0833257933710328
BTCUSDT,MEAN_REVERT,2025-12-06,13,7,6,0.5384615384615384,0.005247420576082092,0.06821646748906719,0.2684179220064479,0.034351034459703264
BTCUSDT,BOTTOM_PICK,2025-12-06,0,0,0,0,0,0,0,0
BTCUSDT,BREAKOUT_HUNT,2025-12-06,3,0,3,0.0,-0.02106272631368152,-0.06318817894104456,-3.9667324166393008,0.06318817894104456
BTCUSDT,CONSERVATIVE,2025-12-06,0,0,0,0,0,0,0,0
BTCUSDT,TREND_FOLLOW,2026-01-05,16,8,8,0.5,0.0008167393494998608,0.013067829591997773,0.038839232893902266,0.0669648348313724
BTCUSDT,MEAN_REVERT,2026-01-05,9,6,3,0.6666666666666666,0.013812285687393148,0.12431057118653834,0.5401507128091422,0.044169344435921985
BTCUSDT,BOTTOM_PICK,2026-01-05,2,0,2,0.0,-0.01754931572559589,-0.03509863145119178,-10.563314732011694,0.03509863145119178
BTCUSDT,BREAKOUT_HUNT,2026-01-05,5,2,3,0.4,0.005246725682388766,0.02623362841194383,0.22637465579799543,0.02081977644499258
BTCUSDT,CONSERVATIVE,2026-01-05,0,0,0,0,0,0,0,0
BTCUSDT,TREND_FOLLOW,2026-02-04,21,9,12,0.42857142857142855,0.0017250252353332592,0.036225529941998444,0.06511149108102444,0.0683256868234311
BTCUSDT,MEAN_REVERT,2026-02-04,9,6,3,0.6666666666666666,0.01737075271484181,0.1563367744335763,0.6337156776735006,0.034528954868114234
BTCUSDT,BOTTOM_PICK,2026-02-04,1,0,1,0.0,-0.02067124999432549,-0.02067124999432549,0,0.02067124999432549
BTCUSDT,BREAKOUT_HUNT,2026-02-04,9,5,4,0.5555555555555556,0.009114048629622323,0.08202643766660091,0.3359658509932378,0.03602574577745144
BTCUSDT,CONSERVATIVE,2026-02-04,0,0,0,0,0,0,0,0
BTCUSDT,TREND_FOLLOW,2026-03-06,16,5,11,0.3125,-0.0021803657894001543,-0.03488585263040247,-0.10281333490573642,0.12988357964228003
BTCUSDT,MEAN_REVERT,2026-03-06,11,4,7,0.36363636363636365,-0.0017731235431864513,-0.019504358975050963,-0.07748185378446655,0.07946460423923471
BTCUSDT,BOTTOM_PICK,2026-03-06,1,0,1,0.0,-0.01682246075135518,-0.01682246075135518,0,0.01682246075135518
BTCUSDT,BREAKOUT_HUNT,2026-03-06,4,3,1,0.75,0.011393618639752696,0.045574474559010786,0.5841837197553974,0.021092086338386266
BTCUSDT,CONSERVATIVE,2026-03-06,0,0,0,0,0,0,0,0
ETHUSDT,TREND_FOLLOW,2021-03-01,17,5,12,0.29411764705882354,-0.0044375746758528525,-0.0754387694894985,-0.14428926058509092,0.15082747659025553
ETHUSDT,MEAN_REVERT,2021-03-01,8,4,4,0.5,0.00402790492615132,0.03222323940921056,0.1245609805247651,0.04660392143623023
ETHUSDT,BOTTOM_PICK,2021-03-01,1,0,1,0.0,-0.015553400006689559,-0.015553400006689559,0,0.015553400006689559
ETHUSDT,BREAKOUT_HUNT,2021-03-01,10,4,6,0.4,0.00328885622328616,0.0328885622328616,0.11126372189723815,0.04762609972904013
ETHUSDT,CONSERVATIVE,2021-03-01,0,0,0,0,0,0,0,0
ETHUSDT,TREND_FOLLOW,2021-03-31,17,7,10,0.4117647058823529,2.719956596229489e-05,0.0004623926213590131,0.0010268977242863953,0.08788002969042952
ETHUSDT,MEAN_REVERT,2021-03-31,8,0,8,0.0,-0.019626657005200512,-0.1570132560416041,-4.084348216221368,0.15701325604160413
ETHUSDT,BOTTOM_PICK,2021-03-31,1,0,1,0.0,-0.03100313997686326,-0.03100313997686326,0,0.03100313997686326
ETHUSDT,BREAKOUT_HUNT,2021-03-31,12,5,7,0.4166666666666667,0.005686946495063883,0.0682433579407666,0.1941109068373036,0.0926003915117157
ETHUSDT,CONSERVATIVE,2021-03-31,0,0,0,0,0,0,0,0
ETHUSDT,TREND_FOLLOW,2021-04-30,17,12,5,0.7058823529411765,0.022018859436290505,0.3743206104169386,0.7311476661986773,0.03245103306085101
ETHUSDT,MEAN_REVERT,2021-04-30,4,2,2,0.5,0.00581692619722241,0.02326770478888964,0.22034919024177643,0.022813261330848354
ETHUSDT,BOTTOM_PICK,2021-04-30,2,2,0,1.0,0.044947392437348174,0.08989478487469635,4.788392907024081,0
ETHUSDT,BREAKOUT_HUNT,2021-04-30,13,5,8,0.38461538461538464,0.008570467419214694,0.11141607644979103,0.18598995582752842,0.08986045760230532
ETHUSDT,CONSERVATIVE,2021-04-30,0,0,0,0,0,0,0,0
ETHUSDT,TREND_FOLLOW,2021-05-30,14,6,8,0.42857142857142855,0.0033865127042934664,0.04741117786010853,0.11802183567563553,0.07249001278463979
ETHUSDT,MEAN_REVERT,2021-05-30,6,0,6,0.0,-0.02307137189462909,-0.13842823136777455,-4.898157074214183,0.13842823136777455
ETHUSDT,BOTTOM_PICK,2021-05-30,3,0,3,0.0,-0.025218190717348977,-0.07565457215204693,-4.5393481791266685,0.07565457215204693
ETHUSDT,BREAKOUT_HUNT,2021-05-30,15,7,8,0.4666666666666667,0.007178235646297202,0.10767353469445803,0.2354418970663725,0.030801915942075944
ETHUSDT,CONSERVATIVE,2021-05-30,0,0,0,0,0,0,0,0
ETHUSDT,TREND_FOLLOW,2021-06-29,18,4,14,0.2222222222222222,-0.012334473043823783,-0.2220205147888281,-0.4347187086636019,0.22401601355983097
ETHUSDT,MEAN_REVERT,2021-06-29,7,4,3,0.5714285714285714,0.010241713942887603,0.07169199760021322,0.34566277456450867,0.04746892615878636
ETHUSDT,BOTTOM_PICK,2021-06-29,0,0,0,0,0,0,0,0
ETHUSDT,BREAKOUT_HUNT,2021-06-29,14,6,8,0.42857142857142855,0.001908246658878746,0.026715453224302445,0.061136785660924925,0.08935792001698734
ETHUSDT,CONSERVATIVE,2021-06-29,0,0,0,0,0,0,0,0
ETHUSDT,TREND_FOLLOW,2021-07-29,18,4,14,0.2222222222222222,-0.008817606111624694,-0.15871691000924448,-0.3683720383996015,0.22933127882269
ETHUSDT,MEAN_REVERT,2021-07-29,9,3,6,0.3333333333333333,-0.001794994339910164,-0.016154949059191476,-0.062140552056074785,0.08625911221501723
ETHUSDT,BOTTOM_PICK,2021-07-29,0,0,0,0,0,0,0,0
ETHUSDT,BREAKOUT_HUNT,2021-07-29,15,5,10,0.3333333333333333,-0.003616623147656936,-0.05424934721485404,-0.13434240143383028,0.07857551359887079
ETHUSDT,CONSERVATIVE,2021-07-29,0,0,0,0,0,0,0,0
ETHUSDT,TREND_FOLLOW,2021-08-29,17,6,11,0.35294117647058826,0.00022532679768908723,0.003830555560714483,0.0073727464961756955,0.0980542066804871
ETHUSDT,MEAN_REVERT,2021-08-29,9,5,4,0.5555555555555556,0.009277134891094935,0.08349421401985442,0.30417742788233554,0.04424186289073698
ETHUSDT,BOTTOM_PICK,2021-08-29,1,0,1,0.0,-0.018807124994901323,-0.018807124994901323,0,0.018807124994901323
ETHUSDT,BREAKOUT_HUNT,2021-08-29,15,5,10,0.3333333333333333,-0.0023176791907556773,-0.03476518786133516,-0.054948677501444276,0.1972001315310734
ETHUSDT,CONSERVATIVE,2021-08-29,0,0,0,0,0,0,0,0
ETHUSDT,TREND_FOLLOW,2021-09-28,19,10,9,0.5263157894736842,0.008498385438544037,0.1614693233323367,0.29751155054351236,0.0613129047003709
ETHUSDT,MEAN_REVERT,2021-09-28,11,4,7,0.36363636363636365,-0.0038432938956743045,-0.04227623285241735,-0.14655570807661591,0.12246071948356183
ETHUSDT,BOTTOM_PICK,2021-09-28,2,1,1,0.5,0.00977505456833187,0.01955010913666374,0.39344087111577863,0.015069986417395681
ETHUSDT,BREAKOUT_HUNT,2021-09-28,11,5,6,0.45454545454545453,0.006702086664984542,0.07372295331482996,0.23472047343385857,0.06466993600232829
ETHUSDT,CONSERVATIVE,2021-09-28,0,0,0,0,0,0,0,0
ETHUSDT,TREND_FOLLOW,2021-10-28,20,7,13,0.35,-0.003388939506963627,-0.06777879013927254,-0.13934632595830415,0.11223579292501862
ETHUSDT,MEAN_REVERT,2021-10-28,12,8,4,0.6666666666666666,0.014749118982588868,0.1769894277910664,0.5693396137246287,0.03632428066808374
ETHUSDT,BOTTOM_PICK,2021-10-28,2,2,0,1.0,0.03127821077553265,0.0625564215510653,38.077992822163196,0
ETHUSDT,BREAKOUT_HUNT,2021-10-28,8,3,5,0.375,0.0015629371206809916,0.012503496965447933,0.05522585398900055,0.06507072292554304
ETHUSDT,CONSERVATIVE,2021-10-28,0,0,0,0,0,0,0,0
ETHUSDT,TREND_FOLLOW,2021-11-27,22,5,17,0.22727272727272727,-0.007207758233015575,-0.15857068112634265,-0.2797003498316004,0.22557602325108767
ETHUSDT,MEAN_REVERT,2021-11-27,13,7,6,0.5384615384615384,0.006190268355017747,0.08047348861523071,0.20333307677782578,0.0964960962320055
ETHUSDT,BOTTOM_PICK,2021-11-27,0,0,0,0,0,0,0,0
ETHUSDT,BREAKOUT_HUNT,2021-11-27,15,4,11,0.26666666666666666,-0.004733368073478782,-0.07100052110218173,-0.19633568604023524,0.10808720879459426
ETHUSDT,CONSERVATIVE,2021-11-27,0,0,0,0,0,0,0,0
ETHUSDT,TREND_FOLLOW,2021-12-27,22,7,15,0.3181818181818182,-0.0015856504564827104,-0.03488431004261963,-0.0615103752639886,0.12309413195052538
ETHUSDT,MEAN_REVERT,2021-12-27,7,5,2,0.7142857142857143,0.017897881154390533,0.12528516808073373,0.657765890363898,0.031092615172559967
ETHUSDT,BOTTOM_PICK,2021-12-27,3,3,0,1.0,0.03468624682398016,0.10405874047194047,17.61451726232301,0
ETHUSDT,BREAKOUT_HUNT,2021-12-27,15,7,8,0.4666666666666667,0.007271961641597034,0.1090794246239555,0.22788684731635234,0.04867740497534541
ETHUSDT,CONSERVATIVE,2021-12-27,0,0,0,0,0,0,0,0
ETHUSDT,TREND_FOLLOW,2022-01-26,14,4,10,0.2857142857142857,-0.0052893235950557385,-0.07405053033078034,-0.22210754612582692,0.10414718584929411
ETHUSDT,MEAN_REVERT,2022-01-26,11,5,6,0.45454545454545453,0.002813616580549482,0.030949782386044303,0.10335930452803647,0.06542057012919864
ETHUSDT,BOTTOM_PICK,2022-01-26,2,0,2,0.0,-0.016385229245901654,-0.03277045849180331,-14.435596432620583,0.03277045849180331
ETHUSDT,BREAKOUT_HUNT,2022-01-26,13,4,9,0.3076923076923077,-0.004731398210040384,-0.061508176730524985,-0.18605894276765636,0.07769130419135875
ETHUSDT,CONSERVATIVE,2022-01-26,0,0,0,0,0,0,0,0
ETHUSDT,TREND_FOLLOW,2022-02-25,16,7,9,0.4375,0.0011382959246192034,0.018212734793907254,0.03760786910143633,0.09750856016773703
ETHUSDT,MEAN_REVERT,2022-02-25,11,5,6,0.45454545454545453,0.0014443688220632882,0.01588805704269617,0.05027805642497457,0.058666011203600876
ETHUSDT,BOTTOM_PICK,2022-02-25,0,0,0,0,0,0,0,0
ETHUSDT,BREAKOUT_HUNT,2022-02-25,13,3,10,0.23076923076923078,-0.010174227480609437,-0.13226495724792267,-0.377413240013822,0.13226495724792267
ETHUSDT,CONSERVATIVE,2022-02-25,0,0,0,0,0,0,0,0
ETHUSDT,TREND_FOLLOW,2022-03-27,17,3,14,0.17647058823529413,-0.009063940409630065,-0.15408698696371112,-0.4644544465635927,0.20617173143606848
ETHUSDT,MEAN_REVERT,2022-03-27,9,6,3,0.6666666666666666,0.008272232021820286,0.07445008819638257,0.2673182195579953,0.0483559264207898
ETHUSDT,BOTTOM_PICK,2022-03-27,1,1,0,1.0,0.039940812617156506,0.039940812617156506,0,0
ETHUSDT,BREAKOUT_HUNT,2022-03-27,5,4,1,0.8,0.020393689056225538,0.1019684452811277,0.892928529736627,0.024874067308319647
ETHUSDT,CONSERVATIVE,2022-03-27,0,0,0,0,0,0,0,0
ETHUSDT,TREND_FOLLOW,2022-04-26,23,9,14,0.391304347826087,-0.0006704637690989911,-0.015420666689276797,-0.021475378170683044,0.16926305266314534
ETHUSDT,MEAN_REVERT,2022-04-26,8,4,4,0.5,0.007630202173477239,0.06104161738781791,0.2749336782586239,0.06168386270444791
ETHUSDT,BOTTOM_PICK,2022-04-26,3,0,3,0.0,-0.02217098897678033,-0.06651296693034099,-3.4673346815300006,0.06651296693034099
ETHUSDT,BREAKOUT_HUNT,2022-04-26,14,3,11,0.21428571428571427,-0.011870752709734067,-0.16619053793627694,-0.38625251571064617,0.20033191092755792
ETHUSDT,CONSERVATIVE,2022-04-26,0,0,0,0,0,0,0,0
ETHUSDT,TREND_FOLLOW,2022-05-26,16,9,7,0.5625,0.011928325213020981,0.1908532034083357,0.3267122581906257,0.09213018656691024
ETHUSDT,MEAN_REVERT,2022-05-26,5,0,5,0.0,-0.026340457946506735,-0.13170228973253367,-9.89458271442121,0.13170228973253367
ETHUSDT,BOTTOM_PICK,2022-05-26,5,2,3,0.4,-0.0017123765366726432,-0.008561882683363217,-0.04906654564967171,0.08824306754614114
ETHUSDT,BREAKOUT_HUNT,2022-05-26,17,6,11,0.35294117647058826,-0.004286476910641221,-0.07287010748090077,-0.12048579617283352,0.13440595495442534
ETHUSDT,CONSERVATIVE,2022-05-26,0,0,0,0,0,0,0,0
ETHUSDT,TREND_FOLLOW,2022-06-25,15,9,6,0.6,0.01635476263605987,0.24532143954089802,0.5165612831471861,0.056181899140757746
ETHUSDT,MEAN_REVERT,2022-06-25,9,3,6,0.3333333333333333,-0.0028760571446860696,-0.025884514302174626,-0.09432892888749102,0.08850013684988996
ETHUSDT,BOTTOM_PICK,2022-06-25,0,0,0,0,0,0,0,0
ETHUSDT,BREAKOUT_HUNT,2022-06-25,12,5,7,0.4166666666666667,0.002489381082477912,0.02987257298973494,0.08071383707826105,0.052930696245402434
ETHUSDT,CONSERVATIVE,2022-06-25,0,0,0,0,0,0,0,0
ETHUSDT,TREND_FOLLOW,2022-07-25,16,8,8,0.5,0.006332573263164844,0.10132117221063751,0.22133294609254708,0.052584727909058916
ETHUSDT,MEAN_REVERT,2022-07-25,6,1,5,0.16666666666666666,-0.015390891372815005,-0.09234534823689003,-0.6695412078009642,0.09234534823689002
ETHUSDT,BOTTOM_PICK,2022-07-25,1,0,1,0.0,-0.03491769776252693,-0.03491769776252693,0,0.03491769776252693
ETHUSDT,BREAKOUT_HUNT,2022-07-25,13,2,11,0.15384615384615385,-0.016664018329185716,-0.21663223827941433,-0.6559999055504451,0.24757370073397655
ETHUSDT,CONSERVATIVE,2022-07-25,0,0,0,0,0,0,0,0
ETHUSDT,TREND_FOLLOW,2022-08-24,16,5,11,0.3125,-0.0018369790473199547,-0.029391664757119275,-0.05899884699722463,0.10418157808437437
ETHUSDT,MEAN_REVERT,2022-08-24,10,7,3,0.7,0.015794829052812962,0.15794829052812961,0.6447571273025611,0.06367302456488382
ETHUSDT,BOTTOM_PICK,2022-08-24,0,0,0,0,0,0,0,0
ETHUSDT,BREAKOUT_HUNT,2022-08-24,12,6,6,0.5,0.0078767333058426,0.0945207996701112,0.2226811130159462,0.06080070297479735
ETHUSDT,CONSERVATIVE,2022-08-24,0,0,0,0,0,0,0,0
ETHUSDT,TREND_FOLLOW,2022-09-23,18,6,12,0.3333333333333333,-0.004567752338432599,-0.08221954209178678,-0.22428147433956408,0.08686545003457045
ETHUSDT,MEAN_REVERT,2022-09-23,8,2,6,0.25,-0.0025602289719845505,-0.020481831775876404,-0.10666308563266673,0.0359186097461172
ETHUSDT,BOTTOM_PICK,2022-09-23,1,1,0,1.0,0.014508177478675922,0.014508177478675922,0,0
ETHUSDT,BREAKOUT_HUNT,2022-09-23,3,0,3,0.0,-0.023398154094711434,-0.0701944622841343,-3.8175570762517377,0.0701944622841343
ETHUSDT,CONSERVATIVE,2022-09-23,0,0,0,0,0,0,0,0
ETHUSDT,TREND_FOLLOW,2022-10-23,16,5,11,0.3125,-0.001456744326667998,-0.02330790922668797,-0.05560845733250066,0.10774612674378793
ETHUSDT,MEAN_REVERT,2022-10-23,13,7,6,0.5384615384615384,0.003851606477621191,0.05007088420907548,0.13233769303807133,0.11300381877742985
ETHUSDT,BOTTOM_PICK,2022-10-23,2,0,2,0.0,-0.018870752719875535,-0.03774150543975107,-5.133237522008152,0.03774150543975107
ETHUSDT,BREAKOUT_HUNT,2022-10-23,13,6,7,0.46153846153846156,0.007483028855002997,0.09727937511503897,0.238091902084742,0.09043144392304125
ETHUSDT,CONSERVATIVE,2022-10-23,0,0,0,0,0,0,0,0
ETHUSDT,TREND_FOLLOW,2022-11-22,19,6,13,0.3157894736842105,-0.0024489654750777788,-0.0465303440264778,-0.09666914813482862,0.11699344375827334
ETHUSDT,MEAN_REVERT,2022-11-22,12,4,8,0.3333333333333333,-0.0048356580736411735,-0.058027896883694086,-0.15993277910109877,0.11076251576815671
ETHUSDT,BOTTOM_PICK,2022-11-22,0,0,0,0,0,0,0,0
ETHUSDT,BREAKOUT_HUNT,2022-11-22,6,3,3,0.5,0.003294789570908667,0.019768737425452,0.13340610771830402,0.05157855108893962
ETHUSDT,CONSERVATIVE,2022-11-22,0,0,0,0,0,0,0,0
ETHUSDT,TREND_FOLLOW,2022-12-22,13,10,3,0.7692307692307693,0.010619468699624292,0.1380530930951158,0.624014602373565,0.016908091070650038
ETHUSDT,MEAN_REVERT,2022-12-22,10,3,7,0.3,-0.01069110699270966,-0.10691106992709659,-0.5793784241787722,0.14896742862435644
ETHUSDT,BOTTOM_PICK,2022-12-22,0,0,0,0,0,0,0,0
ETHUSDT,BREAKOUT_HUNT,2022-12-22,4,2,2,0.5,-0.002746276487892094,-0.010985105951568376,-0.15476890553048675,0.04006123035201123
ETHUSDT,CONSERVATIVE,2022-12-22,0,0,0,0,0,0,0,0
ETHUSDT,TREND_FOLLOW,2023-01-21,21,6,15,0.2857142857142857,-0.004474052055473061,-0.09395509316493429,-0.1817619481027128,0.20272710434351315
ETHUSDT,MEAN_REVERT,2023-01-21,9,5,4,0.5555555555555556,0.011184087380165913,0.10065678642149321,0.38585195224724705,0.06683169534989325
ETHUSDT,BOTTOM_PICK,2023-01-21,1,1,0,1.0,0.03998149064570656,0.03998149064570656,0,0
ETHUSDT,BREAKOUT_HUNT,2023-01-21,5,2,3,0.4,-0.005740363950966691,-0.028701819754833456,-0.23915196139398076,0.06779861321742892
ETHUSDT,CONSERVATIVE,2023-01-21,0,0,0,0,0,0,0,0
ETHUSDT,TREND_FOLLOW,2023-02-20,19,7,12,0.3684210526315789,-0.00013447037229160204,-0.0025549370735404387,-0.0050323251355132255,0.07523423913157098
ETHUSDT,MEAN_REVERT,2023-02-20,8,5,3,0.625,0.016892248617164346,0.13513798893731477,0.6216393528233516,0.03865808045759904
ETHUSDT,BOTTOM_PICK,2023-02-20,1,1,0,1.0,0.03676377051265739,0.03676377051265739,0,0
ETHUSDT,BREAKOUT_HUNT,2023-02-20,8,2,6,0.25,-0.004056215347773255,-0.03244972278218604,-0.1408510453310466,0.06869259938236358
ETHUSDT,CONSERVATIVE,2023-02-20,0,0,0,0,0,0,0,0
ETHUSDT,TREND_FOLLOW,2023-03-22,17,5,12,0.29411764705882354,-0.012286526088112995,-0.2088709434979209,-0.5643819753729707,0.2088709434979209
ETHUSDT,MEAN_REVERT,2023-03-22,7,2,5,0.2857142857142857,-0.006187898536885836,-0.04331528975820085,-0.3274132522383211,0.06392658445647034
ETHUSDT,BOTTOM_PICK,2023-03-22,1,0,1,0.0,-0.030711779448621544,-0.030711779448621544,0,0.030711779448621544
ETHUSDT,BREAKOUT_HUNT,2023-03-22,8,2,6,0.25,-0.0022501188113891284,-0.018000950491113027,-0.09152334071688376,0.09516307964469575
ETHUSDT,CONSERVATIVE,2023-03-22,0,0,0,0,0,0,0,0
ETHUSDT,TREND_FOLLOW,2023-04-21,16,8,8,0.5,0.008079179749824944,0.1292668759971991,0.3314800268075975,0.031172710458753333
ETHUSDT,MEAN_REVERT,2023-04-21,6,4,2,0.6666666666666666,-0.0016529861003224914,-0.009917916601934949,-0.09253336955232497,0.050126121343750635
ETHUSDT,BOTTOM_PICK,2023-04-21,0,0,0,0,0,0,0,0
ETHUSDT,BREAKOUT_HUNT,2023-04-21,6,2,4,0.3333333333333333,-0.0012541181355294367,-0.0075247088131766195,-0.0526571124683389,0.054684545243612215
ETHUSDT,CONSERVATIVE,2023-04-21,0,0,0,0,0,0,0,0
ETHUSDT,TREND_FOLLOW,2023-05-21,17,6,11,0.35294117647058826,0.002062213902379824,0.035057636340457006,0.07977008136037364,0.05168879801611224
ETHUSDT,MEAN_REVERT,2023-05-21,9,4,5,0.4444444444444444,-0.002811777406152464,-0.025305996655372177,-0.10153785298605357,0.08450190315817803
ETHUSDT,BOTTOM_PICK,2023-05-21,1,1,0,1.0,0.01118111633685336,0.01118111633685336,0,0
ETHUSDT,BREAKOUT_HUNT,2023-05-21,5,1,4,0.2,-0.012120629746489794,-0.06060314873244897,-1.172760284356026,0.06060314873244897
ETHUSDT,CONSERVATIVE,2023-05-21,0,0,0,0,0,0,0,0
ETHUSDT,TREND_FOLLOW,2023-06-20,14,6,8,0.42857142857142855,-0.0004985543325520696,-0.0069797606557289735,-0.027724398803519082,0.05568535347271093
ETHUSDT,MEAN_REVERT,2023-06-20,9,3,6,0.3333333333333333,-0.0037023185728213065,-0.03332086715539176,-0.16481441441435016,0.08433698741671689
ETHUSDT,BOTTOM_PICK,2023-06-20,0,0,0,0,0,0,0,0
ETHUSDT,BREAKOUT_HUNT,2023-06-20,4,2,2,0.5,0.010471582334053119,0.041886329336212474,0.5026363899636375,0.012698001863546936
ETHUSDT,CONSERVATIVE,2023-06-20,0,0,0,0,0,0,0,0
ETHUSDT,TREND_FOLLOW,2023-07-20,15,9,6,0.6,0.0004279394235121428,0.006419091352682142,0.03294943750083924,0.04940799542764744
ETHUSDT,MEAN_REVERT,2023-07-20,7,3,4,0.42857142857142855,-0.0032240747552077418,-0.022568523286454194,-0.34168545837710207,0.02678230523279603
ETHUSDT,BOTTOM_PICK,2023-07-20,2,0,2,0.0,-0.012845905027508306,-0.025691810055016612,-3.2153269197551495,0.025691810055016612
ETHUSDT,BREAKOUT_HUNT,2023-07-20,1,1,0,1.0,0.057332177575584786,0.057332177575584786,0,0
ETHUSDT,CONSERVATIVE,2023-07-20,0,0,0,0,0,0,0,0
ETHUSDT,TREND_FOLLOW,2023-08-19,15,5,10,0.3333333333333333,-0.0004189205271368207,-0.006283807907052311,-0.019054968544346355,0.04949754782574171
ETHUSDT,MEAN_REVERT,2023-08-19,8,3,5,0.375,-0.008894012316362922,-0.07115209853090337,-0.355217622660924,0.10745586865642062
ETHUSDT,BOTTOM_PICK,2023-08-19,2,1,1,0.5,0.00543646133465059,0.01087292266930118,0.2198731407924589,0.01928898405197868
ETHUSDT,BREAKOUT_HUNT,2023-08-19,3,0,3,0.0,-0.021909588031137222,-0.06572876409341166,-4.005285562830302,0.06572876409341166
ETHUSDT,CONSERVATIVE,2023-08-19,0,0,0,0,0,0,0,0
ETHUSDT,TREND_FOLLOW,2023-09-18,15,9,6,0.6,0.0057178744385859605,0.08576811657878941,0.2767313350271975,0.04049440883473196
ETHUSDT,MEAN_REVERT,2023-09-18,7,1,6,0.14285714285714285,-0.01950099521164775,-0.13650696648153426,-1.9298892079041017,0.13650696648153426
ETHUSDT,BOTTOM_PICK,2023-09-18,0,0,0,0,0,0,0,0
ETHUSDT,BREAKOUT_HUNT,2023-09-18,2,2,0,1.0,0.00934061798720938,0.01868123597441876,17.209179602421365,0
ETHUSDT,CONSERVATIVE,2023-09-18,0,0,0,0,0,0,0,0
ETHUSDT,TREND_FOLLOW,2023-10-18,18,10,8,0.5555555555555556,0.007236468928738711,0.1302564407172968,0.2540096473748746,0.04685396508234768
ETHUSDT,MEAN_REVERT,2023-10-18,10,5,5,0.5,-0.008832430874732029,-0.08832430874732028,-0.33491787441191107,0.08832430874732028
ETHUSDT,BOTTOM_PICK,2023-10-18,0,0,0,0,0,0,0,0
ETHUSDT,BREAKOUT_HUNT,2023-10-18,4,2,2,0.5,0.00915197107506412,0.03660788430025648,0.24775493404152735,0.03064745613030894
ETHUSDT,CONSERVATIVE,2023-10-18,0,0,0,0,0,0,0,0
ETHUSDT,TREND_FOLLOW,2023-11-17,16,9,7,0.5625,0.009154493641599419,0.1464718982655907,0.3398774098291676,0.051529871923844485
ETHUSDT,MEAN_REVERT,2023-11-17,12,4,8,0.3333333333333333,0.0005299598018521511,0.006359517622225813,0.018150623010121162,0.08687027904567485
ETHUSDT,BOTTOM_PICK,2023-11-17,0,0,0,0,0,0,0,0
ETHUSDT,BREAKOUT_HUNT,2023-11-17,6,2,4,0.3333333333333333,-0.004052453762758195,-0.024314722576549173,-0.2725436358806091,0.04810192988644196
ETHUSDT,CONSERVATIVE,2023-11-17,0,0,0,0,0,0,0,0
ETHUSDT,TREND_FOLLOW,2023-12-17,19,6,13,0.3157894736842105,-0.0019201543323528612,-0.03648293231470436,-0.0856415827197412,0.13002789031726616
ETHUSDT,MEAN_REVERT,2023-12-17,6,1,5,0.16666666666666666,-0.010414574050759426,-0.06248744430455655,-0.5620621350719633,0.06248744430455656
ETHUSDT,BOTTOM_PICK,2023-12-17,2,2,0,1.0,0.0406320609402688,0.0812641218805376,12.266485020306343,0
ETHUSDT,BREAKOUT_HUNT,2023-12-17,12,3,9,0.25,-0.009190439455192217,-0.1102852734623066,-0.4015489233070866,0.11954707715779612
ETHUSDT,CONSERVATIVE,2023-12-17,0,0,0,0,0,0,0,0
ETHUSDT,TREND_FOLLOW,2024-01-16,19,11,8,0.5789473684210527,0.007863898282918171,0.14941406737544524,0.3229007326942027,0.06293835579402535
ETHUSDT,MEAN_REVERT,2024-01-16,9,4,5,0.4444444444444444,-0.001632646069650237,-0.014693814626852132,-0.07243428525114735,0.060596553439280956
ETHUSDT,BOTTOM_PICK,2024-01-16,0,0,0,0,0,0,0,0
ETHUSDT,BREAKOUT_HUNT,2024-01-16,4,2,2,0.5,0.008744397799680444,0.03497759119872178,0.33742737800458,0.03413293231305139
ETHUSDT,CONSERVATIVE,2024-01-16,0,0,0,0,0,0,0,0
ETHUSDT,TREND_FOLLOW,2024-02-15,15,8,7,0.5333333333333333,0.007364605063875077,0.11046907595812615,0.31236081220511586,0.047543691722978745
ETHUSDT,MEAN_REVERT,2024-02-15,12,3,9,0.25,-0.00594121731064213,-0.07129460772770556,-0.272663870400507,0.12731796913831933
ETHUSDT,BOTTOM_PICK,2024-02-15,1,1,0,1.0,0.039037133242812445,0.039037133242812445,0,0
ETHUSDT,BREAKOUT_HUNT,2024-02-15,4,1,3,0.25,-0.012314947277823021,-0.049259789111292085,-0.4148011831042278,0.0861833123864145
ETHUSDT,CONSERVATIVE,2024-02-15,0,0,0,0,0,0,0,0
ETHUSDT,TREND_FOLLOW,2024-03-16,23,9,14,0.391304347826087,0.002174256350652723,0.05000789606501262,0.07456880469532774,0.1287989440067191
ETHUSDT,MEAN_REVERT,2024-03-16,10,2,8,0.2,-0.010873975517048112,-0.10873975517048112,-0.47912263212777445,0.10873975517048112
ETHUSDT,BOTTOM_PICK,2024-03-16,2,1,1,0.5,0.006489946924276192,0.012979893848552384,0.28850071656130327,0.016005480475804974
ETHUSDT,BREAKOUT_HUNT,2024-03-16,10,6,4,0.6,0.019903681598623064,0.19903681598623063,0.7251918756363555,0.03501690446921878
ETHUSDT,CONSERVATIVE,2024-03-16,0,0,0,0,0,0,0,0
ETHUSDT,TREND_FOLLOW,2024-04-15,19,8,11,0.42105263157894735,-0.00248802869352066,-0.04727254517689254,-0.09037368050208232,0.08264730779719998
ETHUSDT,MEAN_REVERT,2024-04-15,8,5,3,0.625,0.01458851547446001,0.11670812379568007,0.5397860172584329,0.02298931242605922
ETHUSDT,BOTTOM_PICK,2024-04-15,0,0,0,0,0,0,0,0
ETHUSDT,BREAKOUT_HUNT,2024-04-15,6,2,4,0.3333333333333333,-0.008031160320536865,-0.04818696192322119,-0.3031294134565323,0.07682158084861597
ETHUSDT,CONSERVATIVE,2024-04-15,0,0,0,0,0,0,0,0
ETHUSDT,TREND_FOLLOW,2024-05-15,18,7,11,0.3888888888888889,0.0005375015905203455,0.00967502862936622,0.021296726767856794,0.05526660503376517
ETHUSDT,MEAN_REVERT,2024-05-15,8,1,7,0.125,-0.021726477590330917,-0.17381182072264734,-0.6841604105694384,0.17381182072264736
ETHUSDT,BOTTOM_PICK,2024-05-15,1,0,1,0.0,-0.017157053239327136,-0.017157053239327136,0,0.017157053239327136
ETHUSDT,BREAKOUT_HUNT,2024-05-15,4,1,3,0.25,0.0022232432745856565,0.008892973098342626,0.062401037903074864,0.05061872797904729
ETHUSDT,CONSERVATIVE,2024-05-15,0,0,0,0,0,0,0,0
ETHUSDT,TREND_FOLLOW,2024-06-14,19,5,14,0.2631578947368421,-0.004720466101771413,-0.08968885593365684,-0.1981553888494452,0.1130707869425329
ETHUSDT,MEAN_REVERT,2024-06-14,8,2,6,0.25,-0.002337057668102334,-0.01869646134481867,-0.10313368702142184,0.055054859954695105
ETHUSDT,BOTTOM_PICK,2024-06-14,4,2,2,0.5,0.017051141578888374,0.0682045663155535,0.4594131277474088,0.035461345073385664
ETHUSDT,BREAKOUT_HUNT,2024-06-14,4,2,2,0.5,-0.0038966043705052165,-0.015586417482020866,-0.10137058947131979,0.07976254255491214
ETHUSDT,CONSERVATIVE,2024-06-14,0,0,0,0,0,0,0,0
ETHUSDT,TREND_FOLLOW,2024-07-14,19,9,10,0.47368421052631576,-0.0004547712154018799,-0.008640653092635718,-0.01696024180871543,0.11199950351808836
ETHUSDT,MEAN_REVERT,2024-07-14,10,2,8,0.2,-0.009994547015164657,-0.09994547015164658,-0.5800489040580998,0.14608769232205104
ETHUSDT,BOTTOM_PICK,2024-07-14,2,1,1,0.5,0.0053450719827683926,0.010690143965536785,0.19541662644633065,0.02200711436886923
ETHUSDT,BREAKOUT_HUNT,2024-07-14,10,6,4,0.6,0.019357795679958923,0.19357795679958922,0.5738529374365119,0.04053002202324954
ETHUSDT,CONSERVATIVE,2024-07-14,0,0,0,0,0,0,0,0
ETHUSDT,TREND_FOLLOW,2024-08-13,19,8,11,0.42105263157894735,0.0016747385474719097,0.031820032401966285,0.0646482539635169,0.08619383094617379
ETHUSDT,MEAN_REVERT,2024-08-13,7,2,5,0.2857142857142857,-0.006550249155788313,-0.04585174409051819,-0.34034474902262946,0.08351856594030099
ETHUSDT,BOTTOM_PICK,2024-08-13,1,0,1,0.0,-0.03703603464274666,-0.03703603464274666,0,0.03703603464274666
ETHUSDT,BREAKOUT_HUNT,2024-08-13,6,2,4,0.3333333333333333,-0.0006728572207971342,-0.004037143324782805,-0.025889008842777804,0.038597349511260384
ETHUSDT,CONSERVATIVE,2024-08-13,0,0,0,0,0,0,0,0
ETHUSDT,TREND_FOLLOW,2024-09-12,18,6,12,0.3333333333333333,-0.0038247165882523623,-0.06884489858854252,-0.17079237425236957,0.1194325802024957
ETHUSDT,MEAN_REVERT,2024-09-12,9,4,5,0.4444444444444444,0.0023868405181429026,0.021481564663286122,0.09659996484747914,0.06354715915726757
ETHUSDT,BOTTOM_PICK,2024-09-12,2,0,2,0.0,-0.020951420845076778,-0.041902841690153556,-4.849849543618512,0.041902841690153556
ETHUSDT,BREAKOUT_HUNT,2024-09-12,8,3,5,0.375,-0.0009051981311513483,-0.0072415850492107865,-0.035937345351168215,0.04532073924536781
ETHUSDT,CONSERVATIVE,2024-09-12,0,0,0,0,0,0,0,0
ETHUSDT,TREND_FOLLOW,2024-10-12,15,9,6,0.6,0.01022185015916472,0.15332775238747082,0.39596199916631014,0.04312255341332058
ETHUSDT,MEAN_REVERT,2024-10-12,12,4,8,0.3333333333333333,-0.0030868510075927834,-0.0370422120911134,-0.13042908772990716,0.0798512397254626
ETHUSDT,BOTTOM_PICK,2024-10-12,0,0,0,0,0,0,0,0
ETHUSDT,BREAKOUT_HUNT,2024-10-12,11,5,6,0.45454545454545453,0.002785607037002255,0.030641677407024802,0.11957473565530742,0.048006417303116104
ETHUSDT,CONSERVATIVE,2024-10-12,0,0,0,0,0,0,0,0
ETHUSDT,TREND_FOLLOW,2024-11-11,19,6,13,0.3157894736842105,-0.0005656443338704869,-0.010747242343539251,-0.022058465427134456,0.1290640292863704
ETHUSDT,MEAN_REVERT,2024-11-11,9,7,2,0.7777777777777778,0.02668032660510512,0.24012293944594607,0.9099618989108674,0.023573419432428605
ETHUSDT,BOTTOM_PICK,2024-11-11,0,0,0,0,0,0,0,0
ETHUSDT,BREAKOUT_HUNT,2024-11-11,11,5,6,0.45454545454545453,0.0055119839198454305,0.06063182311829974,0.21720563927386696,0.0681257969335137
ETHUSDT,CONSERVATIVE,2024-11-11,0,0,0,0,0,0,0,0
ETHUSDT,TREND_FOLLOW,2024-12-11,22,9,13,0.4090909090909091,0.0029668441862126917,0.06527057209667922,0.10323484377639167,0.15233640512556978
ETHUSDT,MEAN_REVERT,2024-12-11,6,2,4,0.3333333333333333,-0.00842560504279078,-0.05055363025674468,-0.41413600876986206,0.0780446868331942
ETHUSDT,BOTTOM_PICK,2024-12-11,2,0,2,0.0,-0.023814628174539637,-0.047629256349079274,-7.560257077867166,0.047629256349079274
ETHUSDT,BREAKOUT_HUNT,2024-12-11,8,4,4,0.5,0.007999740271149774,0.0639979221691982,0.2657367467839597,0.053920798873099134
ETHUSDT,CONSERVATIVE,2024-12-11,0,0,0,0,0,0,0,0
ETHUSDT,TREND_FOLLOW,2025-01-10,23,4,19,0.17391304347826086,-0.012297420591913119,-0.2828406736140017,-0.5413901390060178,0.28733763751309765
ETHUSDT,MEAN_REVERT,2025-01-10,6,0,6,0.0,-0.01787717822066662,-0.10726306932399973,-6.996994900406912,0.10726306932399973
ETHUSDT,BOTTOM_PICK,2025-01-10,1,0,1,0.0,-0.1174078888184481,-0.1174078888184481,0,0.1174078888184481
ETHUSDT,BREAKOUT_HUNT,2025-01-10,12,4,8,0.3333333333333333,0.007320380002092625,0.0878445600251115,0.16361628730795513,0.06873778777876827
ETHUSDT,CONSERVATIVE,2025-01-10,0,0,0,0,0,0,0,0
ETHUSDT,TREND_FOLLOW,2025-02-09,20,6,14,0.3,-0.00501152157098316,-0.1002304314196632,-0.20669289854198103,0.16324330852685948
ETHUSDT,MEAN_REVERT,2025-02-09,10,4,6,0.4,0.002126981838093325,0.02126981838093325,0.0784674205064401,0.05960495726042445
ETHUSDT,BOTTOM_PICK,2025-02-09,1,0,1,0.0,-0.056631449880960055,-0.056631449880960055,0,0.056631449880960055
ETHUSDT,BREAKOUT_HUNT,2025-02-09,15,6,9,0.4,0.0031139464838548683,0.04670919725782303,0.09724535232268897,0.10480142036486736
ETHUSDT,CONSERVATIVE,2025-02-09,0,0,0,0,0,0,0,0
ETHUSDT,TREND_FOLLOW,2025-03-11,19,7,12,0.3684210526315789,-0.0006204014336658178,-0.01178762723965054,-0.022058674618166078,0.12438322506746238
ETHUSDT,MEAN_REVERT,2025-03-11,9,2,7,0.2222222222222222,-0.01316907042108839,-0.11852163378979551,-0.7196703991782872,0.11971125202319072
ETHUSDT,BOTTOM_PICK,2025-03-11,0,0,0,0,0,0,0,0
ETHUSDT,BREAKOUT_HUNT,2025-03-11,10,4,6,0.4,0.0045787321838358045,0.04578732183835805,0.15996302035468288,0.057161375309506025
ETHUSDT,CONSERVATIVE,2025-03-11,0,0,0,0,0,0,0,0
ETHUSDT,TREND_FOLLOW,2025-04-10,21,5,16,0.23809523809523808,-0.008140872049174682,-0.1709583130326683,-0.35353125015769393,0.23335051966054285
ETHUSDT,MEAN_REVERT,2025-04-10,4,2,2,0.5,0.005144562964689359,0.020578251858757435,0.17296840433256616,0.031955836133381765
ETHUSDT,BOTTOM_PICK,2025-04-10,0,0,0,0,0,0,0,0
ETHUSDT,BREAKOUT_HUNT,2025-04-10,12,4,8,0.3333333333333333,-0.003227062339993262,-0.038724748079919144,-0.11376705093887766,0.12226739713620158
ETHUSDT,CONSERVATIVE,2025-04-10,0,0,0,0,0,0,0,0
ETHUSDT,TREND_FOLLOW,2025-05-10,22,9,13,0.4090909090909091,0.0001523542586600327,0.0033517936905207196,0.005945972277407028,0.1472890355999085
ETHUSDT,MEAN_REVERT,2025-05-10,7,4,3,0.5714285714285714,0.013408596710281028,0.0938601769719672,0.5064311441700307,0.034394958047090196
ETHUSDT,BOTTOM_PICK,2025-05-10,0,0,0,0,0,0,0,0
ETHUSDT,BREAKOUT_HUNT,2025-05-10,10,3,7,0.3,-0.007212605971836516,-0.07212605971836517,-0.32843156141847285,0.10809911072895231
ETHUSDT,CONSERVATIVE,2025-05-10,0,0,0,0,0,0,0,0
ETHUSDT,TREND_FOLLOW,2025-06-09,15,6,9,0.4,0.002574845025204318,0.03862267537806477,0.09551097904853585,0.14476623075111347
ETHUSDT,MEAN_REVERT,2025-06-09,7,2,5,0.2857142857142857,-0.005840856653600868,-0.04088599657520608,-0.22398160637137826,0.08925779192227039
ETHUSDT,BOTTOM_PICK,2025-06-09,0,0,0,0,0,0,0,0
ETHUSDT,BREAKOUT_HUNT,2025-06-09,10,5,5,0.5,0.01229548309650821,0.1229548309650821,0.39708635372240864,0.03740294291705127
ETHUSDT,CONSERVATIVE,2025-06-09,0,0,0,0,0,0,0,0
ETHUSDT,TREND_FOLLOW,2025-07-09,15,8,7,0.5333333333333333,0.010205240019076366,0.1530786002861455,0.3197408628148162,0.09904416786149108
ETHUSDT,MEAN_REVERT,2025-07-09,12,5,7,0.4166666666666667,0.002656449670818435,0.03187739604982122,0.0973687910539876,0.06875770590490407
ETHUSDT,BOTTOM_PICK,2025-07-09,0,0,0,0,0,0,0,0
ETHUSDT,BREAKOUT_HUNT,2025-07-09,9,3,6,0.3333333333333333,0.0001960850126525632,0.0017647651138730687,0.007662131398089826,0.07060412710429298
ETHUSDT,CONSERVATIVE,2025-07-09,0,0,0,0,0,0,0,0
ETHUSDT,TREND_FOLLOW,2025-08-08,22,8,14,0.36363636363636365,0.0034554596000029624,0.07602011120006517,0.10749750748978723,0.12635715486444904
ETHUSDT,MEAN_REVERT,2025-08-08,11,6,5,0.5454545454545454,0.007520337397074636,0.082723711367821,0.2713994995895369,0.09810087205346849
ETHUSDT,BOTTOM_PICK,2025-08-08,0,0,0,0,0,0,0,0
ETHUSDT,BREAKOUT_HUNT,2025-08-08,9,5,4,0.5555555555555556,0.010340209575547966,0.09306188617993169,0.2761156314418483,0.07982398881667543
ETHUSDT,CONSERVATIVE,2025-08-08,0,0,0,0,0,0,0,0
ETHUSDT,TREND_FOLLOW,2025-09-07,15,9,6,0.6,0.008162763412841594,0.12244145119262391,0.3443935312070897,0.040770386934499914
ETHUSDT,MEAN_REVERT,2025-09-07,11,1,10,0.09090909090909091,-0.01645684148532507,-0.18102525633857577,-1.0339083108666534,0.18102525633857575
ETHUSDT,BOTTOM_PICK,2025-09-07,2,1,1,0.5,0.007784936321125313,0.015569872642250626,0.32721890943341747,0.016006281413219567
ETHUSDT,BREAKOUT_HUNT,2025-09-07,2,2,0,1.0,0.036489643995117865,0.07297928799023573,8.093813813440091,0
ETHUSDT,CONSERVATIVE,2025-09-07,0,0,0,0,0,0,0,0
ETHUSDT,TREND_FOLLOW,2025-10-07,23,9,14,0.391304347826087,0.003650195535269366,0.08395449731119542,0.12508316859962573,0.11169431532470991
ETHUSDT,MEAN_REVERT,2025-10-07,11,5,6,0.45454545454545453,0.003715899590043452,0.04087489549047797,0.11559638373727933,0.07377232617905088
ETHUSDT,BOTTOM_PICK,2025-10-07,1,0,1,0.0,-0.024025377279436058,-0.024025377279436058,0,0.024025377279436058
ETHUSDT,BREAKOUT_HUNT,2025-10-07,12,4,8,0.3333333333333333,-0.000285166443246828,-0.0034219973189619363,-0.008941921088849104,0.1529997728424274
ETHUSDT,CONSERVATIVE,2025-10-07,0,0,0,0,0,0,0,0
ETHUSDT,TREND_FOLLOW,2025-11-06,17,9,8,0.5294117647058824,0.01495557148348491,0.25424471521924347,0.5133416660014671,0.046152314777901646
ETHUSDT,MEAN_REVERT,2025-11-06,7,2,5,0.2857142857142857,-0.0066202103171661714,-0.0463414722201632,-0.26376682641040183,0.05373837188417056
ETHUSDT,BOTTOM_PICK,2025-11-06,0,0,0,0,0,0,0,0
ETHUSDT,BREAKOUT_HUNT,2025-11-06,10,5,5,0.5,0.00764785248663539,0.0764785248663539,0.25577721336102804,0.051367529638976284
ETHUSDT,CONSERVATIVE,2025-11-06,0,0,0,0,0,0,0,0
ETHUSDT,TREND_FOLLOW,2025-12-06,16,6,10,0.375,-0.0014570222000662185,-0.023312355201059495,-0.059142930035421835,0.13245539615865765
ETHUSDT,MEAN_REVERT,2025-12-06,11,5,6,0.45454545454545453,0.004181761356337004,0.04599937491970704,0.15991811972566897,0.0651393938868935
ETHUSDT,BOTTOM_PICK,2025-12-06,0,0,0,0,0,0,0,0
ETHUSDT,BREAKOUT_HUNT,2025-12-06,5,2,3,0.4,-0.00825027823849974,-0.0412513911924987,-0.3481317311505535,0.04345110896455825
ETHUSDT,CONSERVATIVE,2025-12-06,0,0,0,0,0,0,0,0
ETHUSDT,TREND_FOLLOW,2026-01-05,17,9,8,0.5294117647058824,0.00650384922881756,0.11056543688989852,0.25626958043156123,0.06392944334857706
ETHUSDT,MEAN_REVERT,2026-01-05,12,6,6,0.5,-0.0005539465969903759,-0.006647359163884511,-0.02344747545188075,0.07059997911204843
ETHUSDT,BOTTOM_PICK,2026-01-05,3,1,2,0.3333333333333333,-0.01586779534878339,-0.04760338604635017,-1.0884770842917766,0.052230668817520566
ETHUSDT,BREAKOUT_HUNT,2026-01-05,10,6,4,0.6,0.017590205986763342,0.1759020598676334,0.585810049715423,0.04877461783069068
ETHUSDT,CONSERVATIVE,2026-01-05,0,0,0,0,0,0,0,0
ETHUSDT,TREND_FOLLOW,2026-02-04,17,5,12,0.29411764705882354,-0.007042396689050107,-0.11972074371385182,-0.23962545847438135,0.2181127471436352
ETHUSDT,MEAN_REVERT,2026-02-04,6,4,2,0.6666666666666666,0.01052047531404955,0.0631228518842973,0.4766244005760328,0.019008852552013008
ETHUSDT,BOTTOM_PICK,2026-02-04,0,0,0,0,0,0,0,0
ETHUSDT,BREAKOUT_HUNT,2026-02-04,14,3,11,0.21428571428571427,-0.007847533262910138,-0.10986546568074193,-0.32175267458168205,0.15178996088597904
ETHUSDT,CONSERVATIVE,2026-02-04,0,0,0,0,0,0,0,0
ETHUSDT,TREND_FOLLOW,2026-03-06,19,9,10,0.47368421052631576,0.002455028632956381,0.046645544026171236,0.09682751664951113,0.11219672810294554
ETHUSDT,MEAN_REVERT,2026-03-06,10,3,7,0.3,-0.004502556940563423,-0.04502556940563423,-0.16263590882085044,0.07019185960066267
ETHUSDT,BOTTOM_PICK,2026-03-06,1,0,1,0.0,-0.015284304398381694,-0.015284304398381694,0,0.015284304398381694
ETHUSDT,BREAKOUT_HUNT,2026-03-06,6,5,1,0.8333333333333334,0.0228886278185392,0.1373317669112352,1.2007885140245427,0.015730810058933394
ETHUSDT,CONSERVATIVE,2026-03-06,0,0,0,0,0,0,0,0
SOLUSDT,TREND_FOLLOW,2021-08-11,17,6,11,0.35294117647058826,0.00075567639833328,0.01284649877166576,0.017750420162545452,0.13817813426610445
SOLUSDT,MEAN_REVERT,2021-08-11,3,1,2,0.3333333333333333,0.0016984664617689892,0.005095399385306967,0.04019888587270901,0.05584757902399355
SOLUSDT,BOTTOM_PICK,2021-08-11,0,0,0,0,0,0,0,0
SOLUSDT,BREAKOUT_HUNT,2021-08-11,27,13,14,0.48148148148148145,0.0018448126516872878,0.049809941595556774,0.04449898590766008,0.2528400360282723
SOLUSDT,CONSERVATIVE,2021-08-11,0,0,0,0,0,0,0,0
SOLUSDT,TREND_FOLLOW,2021-09-11,19,8,11,0.42105263157894735,0.0014906136457536758,0.02832165926931984,0.04185683849564858,0.22382778353463792
SOLUSDT,MEAN_REVERT,2021-09-11,6,0,6,0.0,-0.02906757413948531,-0.17440544483691187,-2.8150490780005812,0.17440544483691187
SOLUSDT,BOTTOM_PICK,2021-09-11,1,1,0,1.0,0.05346232179226086,0.05346232179226086,0,0
SOLUSDT,BREAKOUT_HUNT,2021-09-11,17,6,11,0.35294117647058826,-0.004627809639754861,-0.07867276387583264,-0.14060039405974556,0.21541529711938665
SOLUSDT,CONSERVATIVE,2021-09-11,0,0,0,0,0,0,0,0
SOLUSDT,TREND_FOLLOW,2021-10-11,20,9,11,0.45,0.006390837008251183,0.12781674016502365,0.17961997539392557,0.13006692651376608
SOLUSDT,MEAN_REVERT,2021-10-11,8,3,5,0.375,-0.0027598350138560938,-0.02207868011084875,-0.09112638931615806,0.08764282344047877
SOLUSDT,BOTTOM_PICK,2021-10-11,0,0,0,0,0,0,0,0
SOLUSDT,BREAKOUT_HUNT,2021-10-11,19,7,12,0.3684210526315789,0.0040417496502286945,0.07679324335434519,0.11835176539954255,0.104603488430862
SOLUSDT,CONSERVATIVE,2021-10-11,0,0,0,0,0,0,0,0
SOLUSDT,TREND_FOLLOW,2021-11-10,21,10,11,0.47619047619047616,0.005535182433995135,0.11623883111389782,0.17534653774880318,0.09039761776111874
SOLUSDT,MEAN_REVERT,2021-11-10,3,0,3,0.0,-0.02131345599437046,-0.06394036798311138,-4.8476598407763,0.06394036798311138
SOLUSDT,BOTTOM_PICK,2021-11-10,0,0,0,0,0,0,0,0
SOLUSDT,BREAKOUT_HUNT,2021-11-10,14,6,8,0.42857142857142855,0.003813292883908427,0.05338610037471798,0.12459830697198526,0.06047184192595919
SOLUSDT,CONSERVATIVE,2021-11-10,0,0,0,0,0,0,0,0
SOLUSDT,TREND_FOLLOW,2021-12-10,19,5,14,0.2631578947368421,-0.006715441160950255,-0.12759338205805484,-0.24957597622551447,0.15615069908867946
SOLUSDT,MEAN_REVERT,2021-12-10,12,4,8,0.3333333333333333,-0.0040386724946945675,-0.04846406993633481,-0.14897939379417285,0.08460273787674477
SOLUSDT,BOTTOM_PICK,2021-12-10,5,1,4,0.2,-0.013962733474525613,-0.06981366737262806,-0.5687280329684977,0.1040648020171061
SOLUSDT,BREAKOUT_HUNT,2021-12-10,12,6,6,0.5,0.006794284930419847,0.08153141916503817,0.24350064536025434,0.05182468709197968
SOLUSDT,CONSERVATIVE,2021-12-10,0,0,0,0,0,0,0,0
SOLUSDT,TREND_FOLLOW,2022-01-09,18,6,12,0.3333333333333333,-0.0024238854788100725,-0.043629938618581304,-0.0792898617742576,0.12888370899902568
SOLUSDT,MEAN_REVERT,2022-01-09,4,1,3,0.25,-0.0017723056611257271,-0.0070892226445029086,-0.048321031995599284,0.06881541842253806
SOLUSDT,BOTTOM_PICK,2022-01-09,1,1,0,1.0,0.030940222288975704,0.030940222288975704,0,0
SOLUSDT,BREAKOUT_HUNT,2022-01-09,19,6,13,0.3157894736842105,-0.004815176393587683,-0.09148835147816597,-0.13426700368398028,0.14722803308492236
SOLUSDT,CONSERVATIVE,2022-01-09,0,0,0,0,0,0,0,0
SOLUSDT,TREND_FOLLOW,2022-02-08,23,8,15,0.34782608695652173,-0.0026320924319931343,-0.06053812593584209,-0.08123649952075986,0.19694292908827776
SOLUSDT,MEAN_REVERT,2022-02-08,9,4,5,0.4444444444444444,-0.0004144973376012623,-0.003730476038411361,-0.012773610654052721,0.11866703984527974
SOLUSDT,BOTTOM_PICK,2022-02-08,1,1,0,1.0,0.03361149745016233,0.03361149745016233,0,0
SOLUSDT,BREAKOUT_HUNT,2022-02-08,14,4,10,0.2857142857142857,-0.005848214147565043,-0.0818749980659106,-0.20093335654145078,0.1571885787697029
SOLUSDT,CONSERVATIVE,2022-02-08,0,0,0,0,0,0,0,0
SOLUSDT,TREND_FOLLOW,2022-03-10,20,8,12,0.4,0.0022330766087138585,0.04466153217427717,0.07694148959721352,0.11294887174353421
SOLUSDT,MEAN_REVERT,2022-03-10,12,4,8,0.3333333333333333,-0.0022175353820903846,-0.026610424585084613,-0.08413284956786696,0.07795498226147204
SOLUSDT,BOTTOM_PICK,2022-03-10,0,0,0,0,0,0,0,0
SOLUSDT,BREAKOUT_HUNT,2022-03-10,18,4,14,0.2222222222222222,-0.004643431572279467,-0.0835817683010304,-0.16061779515366198,0.18972058792067967
SOLUSDT,CONSERVATIVE,2022-03-10,0,0,0,0,0,0,0,0
SOLUSDT,TREND_FOLLOW,2022-04-09,17,10,7,0.5882352941176471,0.009339669455484773,0.15877438074324116,0.297424327623655,0.06054499139469771
SOLUSDT,MEAN_REVERT,2022-04-09,10,2,8,0.2,-0.0150504646242384,-0.150504646242384,-0.584922765477198,0.18232124317404375
SOLUSDT,BOTTOM_PICK,2022-04-09,2,1,1,0.5,0.008068867660967047,0.016137735321934094,0.2861575134499815,0.020128426772042598
SOLUSDT,BREAKOUT_HUNT,2022-04-09,13,7,6,0.5384615384615384,0.01181335764852334,0.1535736494308034,0.3872041257104208,0.061714672804855625
SOLUSDT,CONSERVATIVE,2022-04-09,0,0,0,0,0,0,0,0
SOLUSDT,TREND_FOLLOW,2022-05-09,19,9,10,0.47368421052631576,0.00296638478506722,0.05636131091627718,0.08754572553738471,0.09695515117745265
SOLUSDT,MEAN_REVERT,2022-05-09,5,1,4,0.2,-0.007271120805317088,-0.03635560402658544,-0.2867803695159687,0.05940509934929515
SOLUSDT,BOTTOM_PICK,2022-05-09,2,1,1,0.5,-0.000879723441780101,-0.001759446883560202,-0.025693364659463022,0.03511904761904754
SOLUSDT,BREAKOUT_HUNT,2022-05-09,16,8,8,0.5,0.0031597490282290674,0.05055598445166508,0.06229545282996557,0.20156833948467773
SOLUSDT,CONSERVATIVE,2022-05-09,0,0,0,0,0,0,0,0
SOLUSDT,TREND_FOLLOW,2022-06-08,9,4,5,0.4444444444444444,0.002493668084427974,0.022443012759851763,0.07059936032883549,0.10865758821029861
SOLUSDT,MEAN_REVERT,2022-06-08,3,0,3,0.0,-0.02788961349373771,-0.08366884048121313,-8.225255852710966,0.08366884048121313
SOLUSDT,BOTTOM_PICK,2022-06-08,3,1,2,0.3333333333333333,0.0043678188970094805,0.013103456691028442,0.12623562621659265,0.040133953380914016
SOLUSDT,BREAKOUT_HUNT,2022-06-08,16,8,8,0.5,0.00897502931828577,0.14360046909257232,0.3089000591611687,0.0551344525812205
SOLUSDT,CONSERVATIVE,2022-06-08,0,0,0,0,0,0,0,0
SOLUSDT,TREND_FOLLOW,2022-07-08,18,7,11,0.3888888888888889,0.000427654725088378,0.007697785051590803,0.014153117364874283,0.097941781715613
SOLUSDT,MEAN_REVERT,2022-07-08,8,4,4,0.5,0.005882902884049818,0.04706322307239855,0.1637746886120587,0.058839466310378695
SOLUSDT,BOTTOM_PICK,2022-07-08,0,0,0,0,0,0,0,0
SOLUSDT,BREAKOUT_HUNT,2022-07-08,15,5,10,0.3333333333333333,-0.0015457238505156739,-0.023185857757735108,-0.0537257231243476,0.08692851947743618
SOLUSDT,CONSERVATIVE,2022-07-08,0,0,0,0,0,0,0,0
SOLUSDT,TREND_FOLLOW,2022-08-07,22,6,16,0.2727272727272727,-0.00787380266644992,-0.17322365866189823,-0.27513555586564714,0.20661513635938134
SOLUSDT,MEAN_REVERT,2022-08-07,7,5,2,0.7142857142857143,0.022292742880326316,0.1560492001622842,0.8281929057362537,0.02237185056472635
SOLUSDT,BOTTOM_PICK,2022-08-07,2,0,2,0.0,-0.043241013598404335,-0.08648202719680867,-2.8982212298866163,0.08648202719680867
SOLUSDT,BREAKOUT_HUNT,2022-08-07,14,6,8,0.42857142857142855,0.008157159731724976,0.11420023624414967,0.24971566507251838,0.04543807269545758
SOLUSDT,CONSERVATIVE,2022-08-07,0,0,0,0,0,0,0,0
SOLUSDT,TREND_FOLLOW,2022-09-06,18,7,11,0.3888888888888889,0.0040897040048348595,0.07361467208702747,0.13709916162906283,0.14658426275894243
SOLUSDT,MEAN_REVERT,2022-09-06,14,8,6,0.5714285714285714,0.01591097990816344,0.22275371871428815,0.5050951898998062,0.06068297650318599
SOLUSDT,BOTTOM_PICK,2022-09-06,0,0,0,0,0,0,0,0
SOLUSDT,BREAKOUT_HUNT,2022-09-06,13,5,8,0.38461538461538464,-0.004543512983022001,-0.05906566877928601,-0.13964981878133564,0.10559337972358218
SOLUSDT,CONSERVATIVE,2022-09-06,0,0,0,0,0,0,0,0
SOLUSDT,TREND_FOLLOW,2022-10-06,18,6,12,0.3333333333333333,-0.0003261992419309643,-0.005871586354757357,-0.01257963506906681,0.07836189604921912
SOLUSDT,MEAN_REVERT,2022-10-06,11,4,7,0.36363636363636365,0.0007677487985863895,0.008445236784450284,0.02949140583686107,0.08884223774254646
SOLUSDT,BOTTOM_PICK,2022-10-06,2,1,1,0.5,0.008158176590284016,0.01631635318056803,0.25800320475024485,0.02346227013316419
SOLUSDT,BREAKOUT_HUNT,2022-10-06,9,5,4,0.5555555555555556,0.011625720329779127,0.10463148296801214,0.36920144482935535,0.05312928335198633
SOLUSDT,CONSERVATIVE,2022-10-06,0,0,0,0,0,0,0,0
SOLUSDT,TREND_FOLLOW,2022-11-05,12,6,6,0.5,0.00650619134791981,0.07807429617503772,0.17525666849739924,0.0714442369065824
SOLUSDT,MEAN_REVERT,2022-11-05,8,5,3,0.625,0.012327840708891728,0.09862272567113382,0.4438819678071168,0.031318281136198084
SOLUSDT,BOTTOM_PICK,2022-11-05,1,0,1,0.0,-0.055404486743711845,-0.055404486743711845,0,0.055404486743711845
SOLUSDT,BREAKOUT_HUNT,2022-11-05,13,5,8,0.38461538461538464,0.0040411431592147,0.052534861069791106,0.1215643819858686,0.059534888914824835
SOLUSDT,CONSERVATIVE,2022-11-05,0,0,0,0,0,0,0,0
SOLUSDT,TREND_FOLLOW,2022-12-05,19,9,10,0.47368421052631576,0.010691323899104693,0.20313515408298916,0.23884985820894747,0.20698464782573142
SOLUSDT,MEAN_REVERT,2022-12-05,9,4,5,0.4444444444444444,-0.004200485638287337,-0.037804370744586036,-0.09440810074680073,0.15554800608407565
SOLUSDT,BOTTOM_PICK,2022-12-05,3,1,2,0.3333333333333333,-0.005049626407940206,-0.015148879223820617,-0.3306325490593822,0.025761124121779864
SOLUSDT,BREAKOUT_HUNT,2022-12-05,12,5,7,0.4166666666666667,0.00694196491688909,0.08330357900266908,0.1958858128995376,0.103764779272456
SOLUSDT,CONSERVATIVE,2022-12-05,0,0,0,0,0,0,0,0
SOLUSDT,TREND_FOLLOW,2023-01-04,21,6,15,0.2857142857142857,-0.006601403590046043,-0.1386294753909669,-0.20694320045008904,0.271356116905987
SOLUSDT,MEAN_REVERT,2023-01-04,7,3,4,0.42857142857142855,-0.007581690840583182,-0.05307183588408228,-0.1605271517144074,0.14795148703019362
SOLUSDT,BOTTOM_PICK,2023-01-04,1,1,0,1.0,0.0662862159789288,0.0662862159789288,0,0
SOLUSDT,BREAKOUT_HUNT,2023-01-04,25,10,15,0.4,0.0036186067791307715,0.09046516947826928,0.09683672573787863,0.13088039426328146
SOLUSDT,CONSERVATIVE,2023-01-04,0,0,0,0,0,0,0,0
SOLUSDT,TREND_FOLLOW,2023-02-03,23,11,12,0.4782608695652174,0.007710820459744189,0.17734887057411636,0.2625059076028305,0.05285573304018962
SOLUSDT,MEAN_REVERT,2023-02-03,6,1,5,0.16666666666666666,-0.010302381051209493,-0.06181428630725695,-0.37990300968242774,0.11094839826859401
SOLUSDT,BOTTOM_PICK,2023-02-03,3,1,2,0.3333333333333333,-0.003034262720745281,-0.009102788162235843,-0.12308652580264472,0.04092935642791856
SOLUSDT,BREAKOUT_HUNT,2023-02-03,11,6,5,0.5454545454545454,0.014139456021337564,0.1555340162347132,0.41396517388551785,0.052472550912125715
SOLUSDT,CONSERVATIVE,2023-02-03,0,0,0,0,0,0,0,0
SOLUSDT,TREND_FOLLOW,2023-03-05,22,7,15,0.3181818181818182,-0.004856342756989594,-0.10683954065377106,-0.1671975027560189,0.2517507512645075
SOLUSDT,MEAN_REVERT,2023-03-05,10,4,6,0.4,0.0007540355407210505,0.007540355407210505,0.026462364473027144,0.11746661061761726
SOLUSDT,BOTTOM_PICK,2023-03-05,0,0,0,0,0,0,0,0
SOLUSDT,BREAKOUT_HUNT,2023-03-05,22,3,19,0.13636363636363635,-0.01242745815922761,-0.27340407950300744,-0.5147393232364635,0.28862333171308063
SOLUSDT,CONSERVATIVE,2023-03-05,0,0,0,0,0,0,0,0
SOLUSDT,TREND_FOLLOW,2023-04-04,17,4,13,0.23529411764705882,-0.009966719561153307,-0.1694342325396062,-0.46116422646763505,0.1694342325396062
SOLUSDT,MEAN_REVERT,2023-04-04,8,2,6,0.25,-0.004073241900516911,-0.03258593520413529,-0.13501371202144727,0.06879157929961018
SOLUSDT,BOTTOM_PICK,2023-04-04,1,0,1,0.0,-0.01896392229417207,-0.01896392229417207,0,0.01896392229417207
SOLUSDT,BREAKOUT_HUNT,2023-04-04,13,4,9,0.3076923076923077,-0.008648991469270098,-0.11243688910051128,-0.24524219137204079,0.21750628623367033
SOLUSDT,CONSERVATIVE,2023-04-04,0,0,0,0,0,0,0,0
SOLUSDT,TREND_FOLLOW,2023-05-04,17,4,13,0.23529411764705882,-0.008647694251210234,-0.14701080227057398,-0.4223967714012846,0.1687042074683251
SOLUSDT,MEAN_REVERT,2023-05-04,12,3,9,0.25,-0.004366526568722969,-0.052398318824675626,-0.19641082326250736,0.08656132516923408
SOLUSDT,BOTTOM_PICK,2023-05-04,1,1,0,1.0,0.03080082135523603,0.03080082135523603,0,0
SOLUSDT,BREAKOUT_HUNT,2023-05-04,7,2,5,0.2857142857142857,-0.0019236860455325731,-0.013465802318728012,-0.07496271145288959,0.04045744036675582
SOLUSDT,CONSERVATIVE,2023-05-04,0,0,0,0,0,0,0,0
SOLUSDT,TREND_FOLLOW,2023-06-03,23,5,18,0.21739130434782608,-0.012474616863641073,-0.2869161878637447,-0.42852631455777024,0.36642877007329366
SOLUSDT,MEAN_REVERT,2023-06-03,12,6,6,0.5,0.007727640743911961,0.09273168892694353,0.30335828759119376,0.03715092650956106
SOLUSDT,BOTTOM_PICK,2023-06-03,3,1,2,0.3333333333333333,0.0013369843143619376,0.0040109529430858125,0.034130213074050286,0.05225685332472052
SOLUSDT,BREAKOUT_HUNT,2023-06-03,15,5,10,0.3333333333333333,0.006814213579444664,0.10221320369166996,0.16993165910890792,0.09625475878194285
SOLUSDT,CONSERVATIVE,2023-06-03,0,0,0,0,0,0,0,0
SOLUSDT,TREND_FOLLOW,2023-07-03,20,10,10,0.5,0.006685437453108964,0.13370874906217928,0.21605608469721907,0.11964851618965255
SOLUSDT,MEAN_REVERT,2023-07-03,11,4,7,0.36363636363636365,-0.005779096252937691,-0.0635700587823146,-0.14883180984043703,0.1640824456416758
SOLUSDT,BOTTOM_PICK,2023-07-03,0,0,0,0,0,0,0,0
SOLUSDT,BREAKOUT_HUNT,2023-07-03,11,3,8,0.2727272727272727,-0.007191068347691218,-0.0791017518246034,-0.2770917729402007,0.11885585018525922
SOLUSDT,CONSERVATIVE,2023-07-03,0,0,0,0,0,0,0,0
SOLUSDT,TREND_FOLLOW,2023-08-02,23,9,14,0.391304347826087,0.0034907052310445617,0.08028622031402492,0.0996373394787212,0.15937012146741675
SOLUSDT,MEAN_REVERT,2023-08-02,8,4,4,0.5,0.007080620877890725,0.0566449670231258,0.23487298294502545,0.037188478660805796
SOLUSDT,BOTTOM_PICK,2023-08-02,1,1,0,1.0,0.03082342580361071,0.03082342580361071,0,0
SOLUSDT,BREAKOUT_HUNT,2023-08-02,7,3,4,0.42857142857142855,0.0028279396057298814,0.01979557724010917,0.09363358432366746,0.05638354763919719
SOLUSDT,CONSERVATIVE,2023-08-02,0,0,0,0,0,0,0,0
SOLUSDT,TREND_FOLLOW,2023-09-01,21,8,13,0.38095238095238093,0.002545639735799918,0.05345843445179828,0.0913133560643283,0.12726427061078768
SOLUSDT,MEAN_REVERT,2023-09-01,9,4,5,0.4444444444444444,-0.005007736160118634,-0.045069625441067705,-0.17471466161808283,0.11510758839034266
SOLUSDT,BOTTOM_PICK,2023-09-01,1,1,0,1.0,0.03105263157894736,0.03105263157894736,0,0
SOLUSDT,BREAKOUT_HUNT,2023-09-01,5,2,3,0.4,0.002623038721164392,0.01311519360582196,0.10891547542557939,0.03184317369198967
SOLUSDT,CONSERVATIVE,2023-09-01,0,0,0,0,0,0,0,0
SOLUSDT,TREND_FOLLOW,2023-10-01,18,8,10,0.4444444444444444,0.003870141612401866,0.06966254902323359,0.14506388178619328,0.0857644595181698
SOLUSDT,MEAN_REVERT,2023-10-01,6,2,4,0.3333333333333333,-0.012277392275542582,-0.0736643536532555,-0.7986667199267629,0.09074544760710593
SOLUSDT,BOTTOM_PICK,2023-10-01,0,0,0,0,0,0,0,0
SOLUSDT,BREAKOUT_HUNT,2023-10-01,10,6,4,0.6,0.012069609966342003,0.12069609966342003,0.4449767007623481,0.03228324498435328
SOLUSDT,CONSERVATIVE,2023-10-01,0,0,0,0,0,0,0,0
SOLUSDT,TREND_FOLLOW,2023-10-31,12,4,8,0.3333333333333333,-0.0021177078331234014,-0.025412493997480815,-0.07628055533134794,0.08970908034709518
SOLUSDT,MEAN_REVERT,2023-10-31,6,4,2,0.6666666666666666,0.017498580099673863,0.10499148059804317,0.5895713793549896,0.027385159010600776
SOLUSDT,BOTTOM_PICK,2023-10-31,0,0,0,0,0,0,0,0
SOLUSDT,BREAKOUT_HUNT,2023-10-31,17,7,10,0.4117647058823529,0.010889605420251308,0.18512329214427223,0.28633591885598314,0.07646709652331168
SOLUSDT,CONSERVATIVE,2023-10-31,0,0,0,0,0,0,0,0
SOLUSDT,TREND_FOLLOW,2023-11-30,21,10,11,0.47619047619047616,0.005691770355687774,0.11952717746944326,0.17349751950365758,0.07790545327420312
SOLUSDT,MEAN_REVERT,2023-11-30,3,2,1,0.6666666666666666,0.015933669011904402,0.0478010070357132,0.41592691708315055,0.03680981595092019
SOLUSDT,BOTTOM_PICK,2023-11-30,1,1,0,1.0,0.04534005037783375,0.04534005037783375,0,0
SOLUSDT,BREAKOUT_HUNT,2023-11-30,16,9,7,0.5625,0.015443370312803842,0.24709392500486146,0.4787102694468209,0.05622942497448202
SOLUSDT,CONSERVATIVE,2023-11-30,0,0,0,0,0,0,0,0
SOLUSDT,TREND_FOLLOW,2023-12-30,14,7,7,0.5,0.0037787593801486353,0.052902631322080895,0.11709983038023526,0.13907200461485408
SOLUSDT,MEAN_REVERT,2023-12-30,7,6,1,0.8571428571428571,0.02561685325367876,0.17931797277575132,1.4661540656308714,0.016989049227305403
SOLUSDT,BOTTOM_PICK,2023-12-30,4,2,2,0.5,0.007471238347231594,0.029884953388926376,0.27583693986905633,0.039107204157910934
SOLUSDT,BREAKOUT_HUNT,2023-12-30,19,6,13,0.3157894736842105,-0.005248641810202237,-0.0997241943938425,-0.18312991184937025,0.20436838446947206
SOLUSDT,CONSERVATIVE,2023-12-30,0,0,0,0,0,0,0,0
SOLUSDT,TREND_FOLLOW,2024-01-29,17,8,9,0.47058823529411764,0.006750749970928219,0.11476274950577972,0.23070159462325346,0.08308257018869392
SOLUSDT,MEAN_REVERT,2024-01-29,9,2,7,0.2222222222222222,-0.008675295659847771,-0.07807766093862994,-0.3833443226169414,0.11246867394611908
SOLUSDT,BOTTOM_PICK,2024-01-29,0,0,0,0,0,0,0,0
SOLUSDT,BREAKOUT_HUNT,2024-01-29,11,6,5,0.5454545454545454,0.012055204923576986,0.13260725415934685,0.44634366573015244,0.05414988148075049
SOLUSDT,CONSERVATIVE,2024-01-29,0,0,0,0,0,0,0,0
SOLUSDT,TREND_FOLLOW,2024-02-28,15,5,10,0.3333333333333333,-0.003638046655195918,-0.05457069982793877,-0.1306620824588697,0.09178988710428308
SOLUSDT,MEAN_REVERT,2024-02-28,6,3,3,0.5,0.004761185001117348,0.02856711000670409,0.1700614068373291,0.03847531407883961
SOLUSDT,BOTTOM_PICK,2024-02-28,0,0,0,0,0,0,0,0
SOLUSDT,BREAKOUT_HUNT,2024-02-28,14,5,9,0.35714285714285715,0.0014270857222805995,0.019979200111928393,0.04358635350970481,0.10478252328438128
SOLUSDT,CONSERVATIVE,2024-02-28,0,0,0,0,0,0,0,0
SOLUSDT,TREND_FOLLOW,2024-03-29,20,5,15,0.25,-0.010489083185258988,-0.20978166370517978,-0.34668941584503804,0.2498712093038542
SOLUSDT,MEAN_REVERT,2024-03-29,7,2,5,0.2857142857142857,-0.006731159701262095,-0.04711811790883466,-0.21389479423843719,0.05154533475278939
SOLUSDT,BOTTOM_PICK,2024-03-29,1,0,1,0.0,-0.07611821574986231,-0.07611821574986231,0,0.07611821574986231
SOLUSDT,BREAKOUT_HUNT,2024-03-29,15,4,11,0.26666666666666666,-0.008615288822144145,-0.12922933233216216,-0.22027653173438852,0.1855289006177831
SOLUSDT,CONSERVATIVE,2024-03-29,0,0,0,0,0,0,0,0
SOLUSDT,TREND_FOLLOW,2024-04-28,18,9,9,0.5,0.008242452875894687,0.14836415176610437,0.2621247148988439,0.05981928523116452
SOLUSDT,MEAN_REVERT,2024-04-28,10,4,6,0.4,0.0009385727230722618,0.009385727230722618,0.032029872579223864,0.07605079639819375
SOLUSDT,BOTTOM_PICK,2024-04-28,0,0,0,0,0,0,0,0
SOLUSDT,BREAKOUT_HUNT,2024-04-28,12,6,6,0.5,0.009625474750202378,0.11550569700242853,0.3041455547434288,0.05214384827865691
SOLUSDT,CONSERVATIVE,2024-04-28,0,0,0,0,0,0,0,0
SOLUSDT,TREND_FOLLOW,2024-05-28,16,5,11,0.3125,-0.0007007545251139308,-0.011212072401822893,-0.021683840461294734,0.13209060569588885
SOLUSDT,MEAN_REVERT,2024-05-28,6,4,2,0.6666666666666666,0.015363860456382702,0.09218316273829621,0.6237942539525627,0.03851090182919431
SOLUSDT,BOTTOM_PICK,2024-05-28,3,0,3,0.0,-0.018754874452315735,-0.05626462335694721,-10.556756348332627,0.05626462335694721
SOLUSDT,BREAKOUT_HUNT,2024-05-28,9,1,8,0.1111111111111111,-0.013102648795206194,-0.11792383915685575,-0.7506176002043206,0.11792383915685577
SOLUSDT,CONSERVATIVE,2024-05-28,0,0,0,0,0,0,0,0
SOLUSDT,TREND_FOLLOW,2024-06-27,20,8,12,0.4,0.0006263146608699914,0.012526293217399828,0.02077495311929878,0.0867281968123157
SOLUSDT,MEAN_REVERT,2024-06-27,13,2,11,0.15384615384615385,-0.00725405158953164,-0.09430267066391132,-0.22338141592899463,0.2236592704224623
SOLUSDT,BOTTOM_PICK,2024-06-27,0,0,0,0,0,0,0,0
SOLUSDT,BREAKOUT_HUNT,2024-06-27,14,4,10,0.2857142857142857,0.0007515780036492387,0.010522092051089341,0.024069425588990587,0.11101194546602242
SOLUSDT,CONSERVATIVE,2024-06-27,0,0,0,0,0,0,0,0
SOLUSDT,TREND_FOLLOW,2024-07-27,17,7,10,0.4117647058823529,0.005134513920716843,0.08728673665218634,0.1865915559022486,0.08888549617172185
SOLUSDT,MEAN_REVERT,2024-07-27,4,1,3,0.25,-0.00881767408702632,-0.03527069634810528,-0.3817276968720582,0.0660586097704926
SOLUSDT,BOTTOM_PICK,2024-07-27,2,1,1,0.5,0.008516851886539136,0.017033703773078272,0.30040267559385164,0.019834599610031527
SOLUSDT,BREAKOUT_HUNT,2024-07-27,13,5,8,0.38461538461538464,-0.0030542652084956283,-0.03970544771044317,-0.10098505782159946,0.12834879521428688
SOLUSDT,CONSERVATIVE,2024-07-27,0,0,0,0,0,0,0,0
SOLUSDT,TREND_FOLLOW,2024-08-26,21,6,15,0.2857142857142857,-0.002198345466896144,-0.04616525480481903,-0.08005449548958947,0.225028160477712
SOLUSDT,MEAN_REVERT,2024-08-26,11,4,7,0.36363636363636365,-0.0023193684645469045,-0.02551305311001595,-0.07935657556756746,0.05967630193187311
SOLUSDT,BOTTOM_PICK,2024-08-26,2,1,1,0.5,-0.011252891153397341,-0.022505782306794682,-0.8968629539288271,0.023799837266069917
SOLUSDT,BREAKOUT_HUNT,2024-08-26,10,2,8,0.2,-0.009556710484050709,-0.0955671048405071,-0.4178590335808503,0.1335179917435563
SOLUSDT,CONSERVATIVE,2024-08-26,0,0,0,0,0,0,0,0
SOLUSDT,TREND_FOLLOW,2024-09-25,19,11,8,0.5789473684210527,0.0107366915718983,0.20399713986606768,0.3923971463221109,0.037501608130708936
SOLUSDT,MEAN_REVERT,2024-09-25,11,2,9,0.18181818181818182,-0.015998977488158317,-0.17598875236974149,-0.7392936446340836,0.17598875236974149
SOLUSDT,BOTTOM_PICK,2024-09-25,0,0,0,0,0,0,0,0
SOLUSDT,BREAKOUT_HUNT,2024-09-25,9,3,6,0.3333333333333333,-0.0007721461183401735,-0.006949315065061561,-0.03046675455831051,0.07079205492165827
SOLUSDT,CONSERVATIVE,2024-09-25,0,0,0,0,0,0,0,0
SOLUSDT,TREND_FOLLOW,2024-10-25,22,9,13,0.4090909090909091,0.005937987886838637,0.13063573351045002,0.1838204326589161,0.08571119326342784
SOLUSDT,MEAN_REVERT,2024-10-25,14,6,8,0.42857142857142855,0.0029086273930008654,0.040720783502012116,0.08783728771386609,0.10556601566764641
SOLUSDT,BOTTOM_PICK,2024-10-25,0,0,0,0,0,0,0,0
SOLUSDT,BREAKOUT_HUNT,2024-10-25,13,5,8,0.38461538461538464,-0.0009341541731592513,-0.012144004251070267,-0.030289409445448126,0.12278913292676166
SOLUSDT,CONSERVATIVE,2024-10-25,0,0,0,0,0,0,0,0
SOLUSDT,TREND_FOLLOW,2024-11-24,28,15,13,0.5357142857142857,0.011201098920192701,0.3136307697653956,0.37719440279155775,0.05150969118591684
SOLUSDT,MEAN_REVERT,2024-11-24,10,5,5,0.5,0.006171959562361036,0.06171959562361036,0.212206715232613,0.030296546707176106
SOLUSDT,BOTTOM_PICK,2024-11-24,1,1,0,1.0,0.035334584115071926,0.035334584115071926,0,0
SOLUSDT,BREAKOUT_HUNT,2024-11-24,11,6,5,0.5454545454545454,0.009455817038810339,0.10401398742691373,0.33924265405143866,0.05008740126359759
SOLUSDT,CONSERVATIVE,2024-11-24,0,0,0,0,0,0,0,0
SOLUSDT,TREND_FOLLOW,2024-12-24,17,5,12,0.29411764705882354,-6.02256609451568e-05,-0.0010238362360676656,-0.0019884938865737025,0.16095592642698953
SOLUSDT,MEAN_REVERT,2024-12-24,9,2,7,0.2222222222222222,-0.011211708823851401,-0.10090537941466261,-0.41781475773034765,0.13198713382991617
SOLUSDT,BOTTOM_PICK,2024-12-24,0,0,0,0,0,0,0,0
SOLUSDT,BREAKOUT_HUNT,2024-12-24,15,5,10,0.3333333333333333,-0.0050424826964010645,-0.07563724044601597,-0.17477000650691082,0.10699755149118911
SOLUSDT,CONSERVATIVE,2024-12-24,0,0,0,0,0,0,0,0
SOLUSDT,TREND_FOLLOW,2025-01-23,21,7,14,0.3333333333333333,-0.003928782379683069,-0.08250442997334445,-0.13885507616133846,0.18900708258266433
SOLUSDT,MEAN_REVERT,2025-01-23,6,0,6,0.0,-0.018753941805773684,-0.1125236508346421,-6.721522943082322,0.1125236508346421
SOLUSDT,BOTTOM_PICK,2025-01-23,1,0,1,0.0,-0.01685106382978727,-0.01685106382978727,0,0.01685106382978727
SOLUSDT,BREAKOUT_HUNT,2025-01-23,10,4,6,0.4,0.01043195511131683,0.1043195511131683,0.2679890024006816,0.11641034686575524
SOLUSDT,CONSERVATIVE,2025-01-23,0,0,0,0,0,0,0,0
SOLUSDT,TREND_FOLLOW,2025-02-22,21,8,13,0.38095238095238093,-0.0015219763022029673,-0.03196150234626231,-0.04787043406728445,0.182104759019445
SOLUSDT,MEAN_REVERT,2025-02-22,7,2,5,0.2857142857142857,-0.007076140177453565,-0.04953298124217495,-0.26518903853877257,0.07476356996336123
SOLUSDT,BOTTOM_PICK,2025-02-22,2,1,1,0.5,0.0015297028262840785,0.003059405652568157,0.053573620022550394,0.027023581899298973
SOLUSDT,BREAKOUT_HUNT,2025-02-22,17,8,9,0.47058823529411764,0.011032475432863335,0.1875520823586767,0.2862173571110085,0.0656577425920224
SOLUSDT,CONSERVATIVE,2025-02-22,0,0,0,0,0,0,0,0
SOLUSDT,TREND_FOLLOW,2025-03-24,19,5,14,0.2631578947368421,-0.005683551693856837,-0.1079874821832799,-0.25693849971034227,0.16454333884853764
SOLUSDT,MEAN_REVERT,2025-03-24,4,1,3,0.25,-0.002559746881090127,-0.010238987524360508,-0.0873223292804347,0.03793350332195797
SOLUSDT,BOTTOM_PICK,2025-03-24,0,0,0,0,0,0,0,0
SOLUSDT,BREAKOUT_HUNT,2025-03-24,16,6,10,0.375,1.5693788640630014e-05,0.00025110061825008023,0.000513525821381026,0.08801682943350918
SOLUSDT,CONSERVATIVE,2025-03-24,0,0,0,0,0,0,0,0
SOLUSDT,TREND_FOLLOW,2025-04-23,19,7,12,0.3684210526315789,0.0019200628929195104,0.0364811949654707,0.06901850605263556,0.059142610230780726
SOLUSDT,MEAN_REVERT,2025-04-23,10,6,4,0.6,0.010654528379336952,0.10654528379336953,0.4412347039212693,0.03760901979706326
SOLUSDT,BOTTOM_PICK,2025-04-23,0,0,0,0,0,0,0,0
SOLUSDT,BREAKOUT_HUNT,2025-04-23,9,1,8,0.1111111111111111,-0.013948568246442639,-0.12553711421798375,-0.7594689897601692,0.12553711421798372
SOLUSDT,CONSERVATIVE,2025-04-23,0,0,0,0,0,0,0,0
SOLUSDT,TREND_FOLLOW,2025-05-23,23,8,15,0.34782608695652173,-0.0012959751252035925,-0.029807427879682626,-0.0516226794691808,0.11696526344445421
SOLUSDT,MEAN_REVERT,2025-05-23,7,2,5,0.2857142857142857,-0.008010879219551414,-0.05607615453685989,-0.36186369641670607,0.10676774375662984
SOLUSDT,BOTTOM_PICK,2025-05-23,2,2,0,1.0,0.03130299051917766,0.06260598103835532,673.9120198250512,0
SOLUSDT,BREAKOUT_HUNT,2025-05-23,11,2,9,0.18181818181818182,-0.008117365119780734,-0.08929101631758807,-0.34776223337924095,0.08929101631758807
SOLUSDT,CONSERVATIVE,2025-05-23,0,0,0,0,0,0,0,0
SOLUSDT,TREND_FOLLOW,2025-06-22,22,6,16,0.2727272727272727,-0.0035955479106365177,-0.07910205403400339,-0.13701731012809232,0.16303782461176802
SOLUSDT,MEAN_REVERT,2025-06-22,14,3,11,0.21428571428571427,-0.010279711107913628,-0.14391595551079078,-0.47016324139777904,0.1439159555107908
SOLUSDT,BOTTOM_PICK,2025-06-22,0,0,0,0,0,0,0,0
SOLUSDT,BREAKOUT_HUNT,2025-06-22,12,3,9,0.25,-0.0035997856009698185,-0.04319742721163782,-0.12196694027801602,0.10051202706333155
SOLUSDT,CONSERVATIVE,2025-06-22,0,0,0,0,0,0,0,0
SOLUSDT,TREND_FOLLOW,2025-07-22,20,13,7,0.65,0.014686997229897894,0.2937399445979579,0.5082447952150937,0.0440576289521562
SOLUSDT,MEAN_REVERT,2025-07-22,8,3,5,0.375,0.001492321467125179,0.011938571737001432,0.05305192238063917,0.10023528115902894
SOLUSDT,BOTTOM_PICK,2025-07-22,0,0,0,0,0,0,0,0
SOLUSDT,BREAKOUT_HUNT,2025-07-22,10,4,6,0.4,0.0009743915548912532,0.009743915548912532,0.034731021548313826,0.05735848521234102
SOLUSDT,CONSERVATIVE,2025-07-22,0,0,0,0,0,0,0,0
SOLUSDT,TREND_FOLLOW,2025-08-21,18,7,11,0.3888888888888889,-0.0001601501969746066,-0.0028827035455429185,-0.005795495727688011,0.12275825451701602
SOLUSDT,MEAN_REVERT,2025-08-21,14,7,7,0.5,0.009985302364560486,0.1397942331038468,0.31663555033225227,0.0940048128035256
SOLUSDT,BOTTOM_PICK,2025-08-21,0,0,0,0,0,0,0,0
SOLUSDT,BREAKOUT_HUNT,2025-08-21,9,3,6,0.3333333333333333,-0.0015695415223270612,-0.01412587370094355,-0.054913860131452566,0.07580084553549479
SOLUSDT,CONSERVATIVE,2025-08-21,0,0,0,0,0,0,0,0
SOLUSDT,TREND_FOLLOW,2025-09-20,18,7,11,0.3888888888888889,0.0025788686296977182,0.04641963533455893,0.08765889097985483,0.12942069354152302
SOLUSDT,MEAN_REVERT,2025-09-20,10,3,7,0.3,-0.006134659571048186,-0.06134659571048186,-0.23350196751545435,0.08987064295869836
SOLUSDT,BOTTOM_PICK,2025-09-20,0,0,0,0,0,0,0,0
SOLUSDT,BREAKOUT_HUNT,2025-09-20,10,6,4,0.6,0.01668160755806978,0.1668160755806978,0.5210142263673196,0.04463273445689414
SOLUSDT,CONSERVATIVE,2025-09-20,0,0,0,0,0,0,0,0
SOLUSDT,TREND_FOLLOW,2025-10-20,18,6,12,0.3333333333333333,-0.0020199202168370172,-0.03635856390306631,-0.07456804771500271,0.09481276481504416
SOLUSDT,MEAN_REVERT,2025-10-20,12,3,9,0.25,-0.007932548501518777,-0.09519058201822532,-0.3439370039413449,0.13648572936304457
SOLUSDT,BOTTOM_PICK,2025-10-20,0,0,0,0,0,0,0,0
SOLUSDT,BREAKOUT_HUNT,2025-10-20,12,4,8,0.3333333333333333,-0.004637938878752713,-0.05565526654503256,-0.147928779249924,0.08956712693993865
SOLUSDT,CONSERVATIVE,2025-10-20,0,0,0,0,0,0,0,0
SOLUSDT,TREND_FOLLOW,2025-11-19,20,6,14,0.3,-0.0018178141990443368,-0.036356283980886736,-0.0603171501026483,0.13697454321801636
SOLUSDT,MEAN_REVERT,2025-11-19,15,5,10,0.3333333333333333,-0.0027837357602168177,-0.04175603640325227,-0.09710448363023608,0.09976098088569048
SOLUSDT,BOTTOM_PICK,2025-11-19,1,1,0,1.0,0.048545224541429476,0.048545224541429476,0,0
SOLUSDT,BREAKOUT_HUNT,2025-11-19,13,4,9,0.3076923076923077,-0.0031191218718708185,-0.04054858433432064,-0.11882175772580288,0.09059624672471984
SOLUSDT,CONSERVATIVE,2025-11-19,0,0,0,0,0,0,0,0
SOLUSDT,TREND_FOLLOW,2025-12-19,18,7,11,0.3888888888888889,0.0010801092995187118,0.01944196739133681,0.04306639455494952,0.07440116073588716
SOLUSDT,MEAN_REVERT,2025-12-19,10,5,5,0.5,0.0071262813820894225,0.07126281382089422,0.2540732240084923,0.08416179259825866
SOLUSDT,BOTTOM_PICK,2025-12-19,0,0,0,0,0,0,0,0
SOLUSDT,BREAKOUT_HUNT,2025-12-19,2,1,1,0.5,0.00695757680539268,0.01391515361078536,0.29110027386917586,0.016943385955362066
SOLUSDT,CONSERVATIVE,2025-12-19,0,0,0,0,0,0,0,0
SOLUSDT,TREND_FOLLOW,2026-01-18,20,8,12,0.4,0.00204758830099776,0.0409517660199552,0.07167662722019011,0.08357081043309693
SOLUSDT,MEAN_REVERT,2026-01-18,8,3,5,0.375,0.0032994669419971418,0.026395735535977134,0.13445750433855821,0.03503725931461164
SOLUSDT,BOTTOM_PICK,2026-01-18,6,0,6,0.0,-0.026515846866960274,-0.15909508120176163,-1.9918032584320307,0.15909508120176163
SOLUSDT,BREAKOUT_HUNT,2026-01-18,13,7,6,0.5384615384615384,0.010232651766540899,0.1330244729650317,0.3261178024133121,0.053837596555899016
SOLUSDT,CONSERVATIVE,2026-01-18,0,0,0,0,0,0,0,0
SOLUSDT,TREND_FOLLOW,2026-02-17,17,5,12,0.29411764705882354,-0.00402203394410835,-0.06837457704984196,-0.1573362225655393,0.1299748732051119
SOLUSDT,MEAN_REVERT,2026-02-17,11,4,7,0.36363636363636365,-0.0022820527781457207,-0.025102580559602926,-0.08436642655131282,0.07591201867958214
SOLUSDT,BOTTOM_PICK,2026-02-17,1,0,1,0.0,-0.015057573073516382,-0.015057573073516382,0,0.015057573073516382
SOLUSDT,BREAKOUT_HUNT,2026-02-17,13,6,7,0.46153846153846156,0.006236346952974611,0.08107251038866994,0.22575557775898644,0.05179292401958806
SOLUSDT,CONSERVATIVE,2026-02-17,0,0,0,0,0,0,0,0
SOLUSDT,TREND_FOLLOW,2026-03-19,19,5,14,0.2631578947368421,-0.005492014348622526,-0.104348272623828,-0.22151085273065543,0.18415572231979924
SOLUSDT,MEAN_REVERT,2026-03-19,12,7,5,0.5833333333333334,0.006909352368576938,0.08291222842292326,0.23678376061390646,0.04251581166549555
SOLUSDT,BOTTOM_PICK,2026-03-19,2,0,2,0.0,-0.02748010457591831,-0.05496020915183662,-2.504446849392677,0.05496020915183662
SOLUSDT,BREAKOUT_HUNT,2026-03-19,7,3,4,0.42857142857142855,-0.0009129840143018161,-0.006390888100112712,-0.03613139524581112,0.07024763621148217
SOLUSDT,CONSERVATIVE,2026-03-19,0,0,0,0,0,0,0,0
